,Rk,PLAYER,POSITION,AGE,MP,FG,FGA,FG%,3P,3PA,3P%,2P,2PA,2P%,eFG%,FT,FTA,FT%,ORB,DRB,TRB,AST,STL,BLK,TOV,PF,PS/G,pageview_sum,pageview_mean,PIE,PACE,SALARY,TEAM,GP,MPG,ORPM,DRPM,RPM,WINS,TWITTER_FAVORITE_COUNT,TWITTER_RETWEET_COUNT
0,1,Russell Westbrook,PG,28,34.6,10.2,24.0,0.425,2.5,7.2,0.34299999999999997,7.7,16.8,0.45899999999999996,0.47600000000000003,8.8,10.4,0.845,1.7,9.0,10.7,10.4,1.6,0.4,5.4,2.3,31.6,2367837,6469.5,23.0,102.31,26500000.0,OKC,81,34.6,6.74,-0.47,6.27,17.34,2130.5,559.0
1,2,James Harden,PG,27,36.4,8.3,18.9,0.44,3.2,9.3,0.34700000000000003,5.1,9.6,0.53,0.525,9.2,10.9,0.847,1.2,7.0,8.1,11.2,1.5,0.5,5.7,2.7,29.1,1337869,3655.379781420765,19.0,102.98,26500000.0,HOU,81,36.4,6.38,-1.57,4.81,15.54,969.0,321.5
2,4,Anthony Davis,C,23,36.1,10.3,20.3,0.505,0.5,1.8,0.299,9.7,18.6,0.524,0.518,6.9,8.6,0.802,2.3,9.5,11.8,2.1,1.3,2.2,2.4,2.2,28.0,37302,101.91803278688525,19.2,100.19,22116750.0,NO,75,36.1,0.45,3.9,4.35,12.81,368.0,104.0
3,5,DeMar DeRozan,SG,27,35.4,9.7,20.9,0.467,0.4,1.7,0.266,9.3,19.2,0.484,0.47700000000000004,7.4,8.7,0.8420000000000001,0.9,4.3,5.2,3.9,1.1,0.2,2.4,1.8,27.3,984237,2689.1721311475408,15.5,97.69,,TOR,74,35.4,2.21,-2.04,0.17,5.46,0.0,186.0
4,6,DeMarcus Cousins,C,26,34.2,9.0,19.9,0.452,1.8,5.0,0.361,7.2,14.8,0.483,0.498,7.2,9.3,0.772,2.1,8.9,11.0,4.6,1.4,1.3,3.7,3.9,27.0,826299,2257.6475409836066,17.8,97.11,16957900.0,NO/SAC,72,34.2,3.56,0.64,4.2,11.26,102.0,91.5
5,7,Damian Lillard,PG,26,35.9,8.8,19.8,0.444,2.9,7.7,0.37,6.0,12.1,0.49200000000000005,0.516,6.5,7.3,0.895,0.6,4.3,4.9,5.9,0.9,0.3,2.6,2.0,27.0,926756,2532.120218579235,15.9,99.68,24328425.0,POR,75,35.9,4.63,-1.49,3.14,10.72,186.5,43.0
6,8,LeBron James,SF,32,37.8,9.9,18.2,0.5479999999999999,1.7,4.6,0.363,8.3,13.5,0.611,0.594,4.8,7.2,0.674,1.3,7.3,8.6,8.7,1.2,0.6,4.1,1.8,26.4,8823785,24108.70218579235,18.3,98.38,30963450.0,CLE,74,37.8,6.49,1.93,8.42,20.43,5533.5,1501.5
7,9,Kawhi Leonard,SF,25,33.4,8.6,17.7,0.485,2.0,5.2,0.38,6.6,12.5,0.529,0.541,6.3,7.2,0.88,1.1,4.7,5.8,3.5,1.8,0.7,2.1,1.6,25.5,1363949,3726.636612021858,17.4,95.79,17638063.0,SA,74,33.4,5.83,1.25,7.08,15.53,2701.5,716.5
8,10,Stephen Curry,PG,28,33.4,8.5,18.3,0.46799999999999997,4.1,10.0,0.41100000000000003,4.4,8.3,0.537,0.58,4.1,4.6,0.898,0.8,3.7,4.5,6.6,1.8,0.2,3.0,2.3,25.3,10407255,28435.122950819674,15.1,105.08,12112359.0,GS,79,33.4,7.27,0.14,7.41,18.8,12278.0,2893.0
9,11,Kyrie Irving,PG,24,35.1,9.3,19.7,0.473,2.5,6.1,0.401,6.9,13.6,0.505,0.535,4.1,4.6,0.905,0.7,2.5,3.2,5.8,1.2,0.3,2.5,2.2,25.2,3022758,8258.901639344262,13.5,99.12,17638063.0,CLE,72,35.1,4.35,-2.3,2.05,8.28,1541.0,695.0
10,12,Kevin Durant,SF,28,33.4,8.9,16.5,0.537,1.9,5.0,0.375,7.0,11.5,0.608,0.594,5.4,6.2,0.875,0.6,7.6,8.3,4.8,1.1,1.6,2.2,1.9,25.1,3865014,10560.147540983606,18.6,103.71,26500000.0,GS,62,33.4,4.41,1.33,5.74,12.24,1425.5,366.0
11,13,Karl-Anthony Towns,C,21,37.0,9.8,18.0,0.542,1.2,3.4,0.36700000000000005,8.5,14.7,0.5820000000000001,0.5760000000000001,4.3,5.2,0.8320000000000001,3.6,8.7,12.3,2.7,0.7,1.3,2.6,2.9,25.1,920783,2515.8005464480875,17.1,97.1,5960160.0,MIN,82,37.0,3.54,-1.41,2.13,10.0,0.0,105.0
12,14,Jimmy Butler,SF,27,37.0,7.5,16.5,0.455,1.2,3.3,0.36700000000000005,6.3,13.2,0.47700000000000004,0.49200000000000005,7.7,8.9,0.865,1.7,4.5,6.2,5.5,1.9,0.4,2.1,1.5,23.9,21700,59.2896174863388,16.4,97.78,17552209.0,CHI,76,37.0,4.82,1.8,6.62,17.35,89.5,30.0
13,15,Paul George,SF,26,35.9,8.3,18.0,0.461,2.6,6.6,0.39299999999999996,5.7,11.4,0.501,0.534,4.5,5.0,0.898,0.8,5.8,6.6,3.3,1.6,0.4,2.9,2.7,23.7,769595,2102.718579234973,13.6,98.13,18314532.0,IND,75,35.9,2.67,-0.09,2.58,9.72,228.5,128.0
14,16,Andrew Wiggins,SF,21,37.2,8.6,19.1,0.452,1.3,3.5,0.35600000000000004,7.4,15.6,0.473,0.484,5.0,6.6,0.76,1.2,2.8,4.0,2.3,1.0,0.4,2.3,2.2,23.6,786978,2150.2131147540986,9.5,97.56,6006600.0,MIN,82,37.2,1.56,-3.16,-1.6,2.94,182.0,54.5
15,17,Kemba Walker,PG,26,34.7,8.1,18.3,0.444,3.0,7.6,0.39899999999999997,5.1,10.7,0.47600000000000003,0.527,3.8,4.5,0.847,0.6,3.3,3.9,5.5,1.1,0.3,2.1,1.5,23.2,353443,965.6912568306011,13.7,98.19,12000000.0,CHA,79,34.7,3.93,-1.25,2.68,9.95,59.5,32.5
16,18,Bradley Beal,SG,23,34.9,8.3,17.2,0.48200000000000004,2.9,7.2,0.40399999999999997,5.4,10.0,0.5379999999999999,0.5660000000000001,3.7,4.4,0.825,0.7,2.4,3.1,3.5,1.1,0.3,2.0,2.2,23.1,181803,496.7295081967213,11.9,100.11,22116750.0,WSH,77,34.9,3.29,-1.04,2.25,9.26,55.5,40.5
17,19,John Wall,PG,26,36.4,8.3,18.4,0.451,1.1,3.5,0.327,7.2,14.9,0.48,0.48200000000000004,5.4,6.8,0.8009999999999999,0.8,3.4,4.2,10.7,2.0,0.6,4.1,1.9,23.1,22924,62.63387978142077,15.3,101.07,16957900.0,WSH,78,36.4,3.52,-1.26,2.26,9.9,0.0,77.0
18,21,Giannis Antetokounmpo,SF,22,35.6,8.2,15.7,0.521,0.6,2.3,0.272,7.6,13.5,0.563,0.541,5.9,7.7,0.77,1.8,7.0,8.8,5.4,1.6,1.9,2.9,3.1,22.9,841598,2299.448087431694,17.6,96.46,2995421.0,MIL,80,35.6,2.35,1.86,4.21,13.0,,
19,22,Carmelo Anthony,SF,32,34.3,8.1,18.8,0.433,2.0,5.7,0.359,6.1,13.1,0.466,0.488,4.1,4.9,0.833,0.8,5.1,5.9,2.9,0.8,0.5,2.1,2.7,22.4,1712575,4679.166666666667,11.8,98.48,24559380.0,NY,74,34.3,1.87,-1.75,0.12,5.26,720.5,220.0
20,23,Kyle Lowry,PG,30,37.4,7.1,15.3,0.46399999999999997,3.2,7.8,0.41200000000000003,3.9,7.5,0.518,0.569,5.0,6.1,0.8190000000000001,0.8,4.0,4.8,7.0,1.5,0.3,2.9,2.8,22.4,1130770,3089.535519125683,14.7,96.85,,TOR,60,37.4,4.7,1.18,5.88,12.67,561.0,162.0
21,24,Klay Thompson,SG,26,34.0,8.3,17.6,0.46799999999999997,3.4,8.3,0.414,4.8,9.3,0.516,0.565,2.4,2.8,0.853,0.6,3.0,3.7,2.1,0.8,0.5,1.6,1.8,22.3,2619119,7156.062841530054,10.9,102.15,16663575.0,GS,78,34.0,2.78,-0.45,2.33,9.53,797.0,225.0
22,25,Devin Booker,SG,20,35.0,7.8,18.3,0.423,1.9,5.2,0.363,5.9,13.2,0.447,0.475,4.7,5.7,0.8320000000000001,0.6,2.6,3.2,3.4,0.9,0.3,3.1,3.1,22.1,684821,1871.0956284153006,8.9,103.62,2223600.0,PHX,78,35.0,1.28,-2.58,-1.3,3.29,1170.5,335.5
23,26,Gordon Hayward,SF,26,34.5,7.5,15.8,0.47100000000000003,2.0,5.1,0.39799999999999996,5.4,10.7,0.506,0.536,5.0,5.9,0.8440000000000001,0.7,4.7,5.4,3.5,1.0,0.3,1.9,1.6,21.9,362713,991.0191256830601,15.8,93.44,16073140.0,UTAH,73,34.5,3.14,-0.08,3.06,9.45,319.0,50.5
24,27,Blake Griffin,PF,27,34.0,7.9,15.9,0.493,0.6,1.9,0.336,7.2,14.1,0.514,0.513,5.2,6.9,0.76,1.8,6.3,8.1,4.9,0.9,0.4,2.3,2.6,21.6,988555,2700.969945355191,15.2,98.71,20140839.0,LAC,61,34.0,3.02,0.76,3.78,9.2,269.0,98.5
25,28,Eric Bledsoe,PG,27,33.0,6.8,15.7,0.434,1.6,4.7,0.335,5.2,11.0,0.47700000000000004,0.485,5.9,6.9,0.847,0.8,4.1,4.8,6.3,1.4,0.5,3.4,2.5,21.1,177945,486.1885245901639,14.1,103.09,14000000.0,PHX,66,33.0,2.33,-0.64,1.69,6.85,9.0,30.5
26,29,Mike Conley,PG,29,33.2,6.7,14.6,0.46,2.5,6.1,0.408,4.2,8.6,0.49700000000000005,0.545,4.6,5.3,0.8590000000000001,0.4,3.0,3.5,6.3,1.3,0.3,2.3,1.8,20.5,5111,13.96448087431694,16.0,94.64,26540100.0,MEM,69,33.2,4.67,-0.2,4.47,10.5,257.5,90.0
27,30,Brook Lopez,C,28,29.6,7.4,15.6,0.474,1.8,5.2,0.34600000000000003,5.6,10.5,0.536,0.531,3.9,4.9,0.81,1.6,3.8,5.4,2.3,0.5,1.7,2.5,2.6,20.5,322084,880.0109289617486,12.4,104.03,21165675.0,BKN,75,29.6,1.4,0.55,1.95,7.59,,
28,31,Goran Dragic,PG,30,33.7,7.3,15.4,0.475,1.6,4.0,0.405,5.7,11.4,0.499,0.527,4.1,5.2,0.79,0.8,3.0,3.8,5.8,1.2,0.2,2.9,2.7,20.3,8239,22.510928961748633,13.0,98.16,15891725.0,MIA,73,33.7,2.54,-1.62,0.92,6.3,62.5,45.0
29,32,Joel Embiid,C,22,25.4,6.5,13.8,0.466,1.2,3.2,0.36700000000000005,5.3,10.7,0.495,0.508,6.2,7.9,0.7829999999999999,2.0,5.9,7.8,2.1,0.9,2.5,3.8,3.6,20.2,682937,1865.948087431694,17.4,100.25,4826160.0,PHI,31,25.4,-0.57,2.27,1.7,2.46,6852.5,2941.0
30,33,Jabari Parker,PF,21,33.9,7.8,16.0,0.49,1.3,3.5,0.365,6.5,12.5,0.525,0.53,3.2,4.3,0.743,1.5,4.6,6.2,2.8,1.0,0.4,1.8,2.2,20.1,353413,965.6092896174863,12.1,98.47,5374320.0,MIL,51,33.9,0.83,-1.61,-0.78,2.59,267.0,125.0
31,34,Marc Gasol,C,32,34.2,7.2,15.7,0.45899999999999996,1.4,3.6,0.38799999999999996,5.8,12.1,0.48,0.503,3.8,4.5,0.8370000000000001,0.8,5.5,6.3,4.6,0.9,1.3,2.2,2.3,19.5,378529,1034.2322404371585,15.1,94.43,21165675.0,MEM,74,34.2,1.86,0.72,2.58,8.69,0.0,75.5
32,35,Harrison Barnes,PF,24,35.5,7.6,16.2,0.46799999999999997,1.0,2.8,0.35100000000000003,6.6,13.4,0.49200000000000005,0.498,3.1,3.6,0.861,1.2,3.8,5.0,1.5,0.8,0.2,1.3,1.6,19.2,681618,1862.344262295082,11.2,93.9,,DAL,79,35.5,-0.44,0.11,-0.33,4.78,88.5,28.5
33,36,Kevin Love,PF,28,31.4,6.2,14.5,0.42700000000000005,2.4,6.5,0.373,3.8,8.0,0.47100000000000003,0.51,4.3,4.9,0.871,2.5,8.6,11.1,1.9,0.9,0.4,2.0,2.1,19.0,1418113,3874.625683060109,14.8,99.66,21165675.0,CLE,60,31.4,2.77,2.26,5.03,9.76,866.5,194.5
34,37,Zach LaVine,SG,21,37.2,6.9,15.1,0.45899999999999996,2.6,6.6,0.387,4.4,8.5,0.515,0.544,2.5,3.0,0.836,0.4,3.0,3.4,3.0,0.9,0.2,1.8,2.2,18.9,848226,2317.55737704918,9.5,96.38,2240880.0,MIN,47,37.2,-0.62,-2.35,-2.97,0.17,178.5,67.0
35,38,Rudy Gay,SF,30,33.8,6.7,14.7,0.455,1.4,3.8,0.37200000000000005,5.3,11.0,0.483,0.502,3.9,4.6,0.855,1.2,5.2,6.3,2.8,1.5,0.9,2.5,2.6,18.7,320590,875.9289617486339,12.5,98.07,13333333.0,SAC,30,33.8,-0.21,1.96,1.75,3.1,,
36,39,Dwyane Wade,SG,35,29.9,6.9,15.9,0.434,0.8,2.4,0.31,6.2,13.5,0.456,0.457,3.7,4.7,0.794,1.1,3.5,4.5,3.8,1.4,0.7,2.3,1.9,18.3,2694345,7361.598360655737,12.1,98.2,23200000.0,CHI,60,29.9,-0.45,-0.46,-0.91,2.52,349.5,149.5
37,40,Danilo Gallinari,SF,28,33.9,5.3,11.9,0.447,2.0,5.1,0.389,3.3,6.8,0.491,0.531,5.5,6.1,0.902,0.6,4.5,5.2,2.1,0.6,0.2,1.3,1.5,18.2,155862,425.8524590163934,11.4,100.53,15050000.0,DEN,63,33.9,2.67,0.21,2.88,8.39,29.0,6.0
38,41,Paul Millsap,PF,31,34.0,6.2,14.1,0.442,1.1,3.5,0.311,5.1,10.6,0.486,0.48100000000000004,4.5,5.9,0.768,1.6,6.1,7.7,3.7,1.3,0.9,2.3,2.7,18.1,221887,606.2486338797814,12.6,100.22,20072033.0,ATL,69,34.0,1.23,3.35,4.58,11.51,60.0,32.0
39,42,Chris Paul,PG,31,31.5,6.1,12.9,0.47600000000000003,2.0,5.0,0.41100000000000003,4.1,7.9,0.518,0.555,3.8,4.3,0.892,0.7,4.3,5.0,9.2,2.0,0.1,2.4,2.4,18.1,1162601,3176.5054644808743,18.2,98.19,22868827.0,LAC,61,31.5,5.16,2.76,7.92,13.48,829.0,178.5
40,43,Kristaps Porzingis,PF,21,32.8,6.7,14.9,0.45,1.7,4.8,0.35700000000000004,5.0,10.2,0.493,0.507,3.0,3.8,0.7859999999999999,1.7,5.5,7.2,1.5,0.7,2.0,1.8,3.7,18.1,9998,27.316939890710383,10.6,99.15,4317720.0,NY,66,32.8,-0.31,1.9,1.59,6.54,485.0,214.0
41,44,Derrick Rose,PG,28,32.5,7.2,15.3,0.47100000000000003,0.2,0.9,0.217,7.0,14.3,0.48700000000000004,0.47700000000000004,3.5,4.0,0.8740000000000001,1.0,2.8,3.8,4.4,0.7,0.3,2.3,1.3,18.0,1678701,4586.61475409836,11.2,99.19,21323252.0,NY,64,32.5,0.11,-2.36,-2.25,1.17,1864.0,2504.5
42,45,Dennis Schroder,PG,23,31.5,6.9,15.4,0.451,1.3,3.7,0.34,5.7,11.6,0.48700000000000004,0.493,2.8,3.2,0.855,0.5,2.6,3.1,6.3,0.9,0.2,3.3,1.9,17.9,1233,3.4155124653739612,11.7,100.32,2708582.0,ATL,79,31.5,0.31,-2.76,-2.45,1.07,51.5,20.0
43,46,Lou Williams,SG,30,24.6,5.3,12.3,0.429,2.0,5.5,0.365,3.3,6.8,0.48,0.511,5.0,5.6,0.88,0.3,2.2,2.5,3.0,1.0,0.2,2.0,1.1,17.5,282835,772.7732240437158,13.3,103.22,,HOU/LAL,81,24.6,3.65,-1.68,1.97,6.73,26.5,9.0
44,47,LaMarcus Aldridge,PF,31,32.4,6.9,14.6,0.47700000000000004,0.3,0.8,0.41100000000000003,6.6,13.8,0.48,0.488,3.1,3.8,0.812,2.4,4.9,7.3,1.9,0.6,1.2,1.4,2.2,17.3,543746,1485.6448087431695,12.2,94.47,20575005.0,SA,72,32.4,-0.09,1.05,0.96,5.79,195.0,63.0
45,48,Evan Fournier,SG,24,32.9,6.0,13.7,0.439,1.9,5.3,0.35600000000000004,4.1,8.4,0.491,0.508,3.3,4.1,0.805,0.6,2.4,3.1,3.0,1.0,0.1,2.1,2.6,17.2,125612,343.2021857923497,8.5,99.6,17000000.0,ORL,68,32.9,0.07,-1.17,-1.1,2.89,21.0,10.0
46,49,Hassan Whiteside,C,27,32.6,7.0,12.6,0.557,0.0,0.0,,7.0,12.6,0.557,0.557,2.9,4.6,0.628,3.8,10.3,14.1,0.7,0.7,2.1,2.0,2.9,17.0,831870,2272.8688524590166,16.3,97.11,,MIA,77,32.6,-0.69,2.72,2.03,8.15,194.0,155.0
47,50,George Hill,PG,30,31.5,5.9,12.4,0.47700000000000004,1.9,4.8,0.40299999999999997,4.0,7.6,0.523,0.5539999999999999,3.2,4.0,0.8009999999999999,0.5,2.9,3.4,4.2,1.0,0.2,1.7,2.3,16.9,6356,17.366120218579233,12.8,92.9,8000000.0,UTAH,49,31.5,2.64,1.11,3.75,6.28,33.5,3.0
48,51,Nikola Jokic,C,21,27.9,6.8,11.7,0.578,0.6,1.9,0.324,6.2,9.8,0.628,0.605,2.6,3.1,0.825,2.9,6.9,9.8,4.9,0.8,0.8,2.3,2.9,16.7,3950,10.792349726775956,16.7,100.76,1358500.0,DEN,73,27.9,4.44,2.29,6.73,13.18,0.0,1.0
49,52,Avery Bradley,SG,26,33.4,6.5,14.1,0.46299999999999997,2.0,5.0,0.39,4.6,9.1,0.504,0.5329999999999999,1.2,1.7,0.731,1.2,4.9,6.1,2.2,1.2,0.2,1.6,2.6,16.3,171512,468.6120218579235,9.9,99.23,8269663.0,BOS,55,33.4,-0.44,-1.72,-2.16,1.13,,
50,53,Eric Gordon,SG,28,31.0,5.5,13.5,0.406,3.3,8.8,0.37200000000000005,2.2,4.7,0.46799999999999997,0.527,2.0,2.3,0.84,0.4,2.3,2.7,2.5,0.6,0.5,1.6,2.0,16.2,206977,565.5109289617486,8.2,103.07,12385364.0,HOU,75,31.0,1.51,-0.48,1.03,6.36,55.0,26.0
51,54,Tobias Harris,PF,24,31.3,6.2,13.0,0.48100000000000004,1.3,3.8,0.34700000000000003,4.9,9.1,0.537,0.532,2.3,2.8,0.841,0.8,4.3,5.1,1.7,0.7,0.5,1.2,1.6,16.1,207311,566.4234972677596,11.3,97.41,17200000.0,DET,82,31.3,1.19,-0.25,0.94,6.55,2.0,4.0
52,55,Victor Oladipo,SG,24,33.2,6.1,13.9,0.442,1.9,5.3,0.361,4.3,8.7,0.491,0.51,1.7,2.3,0.753,0.6,3.8,4.3,2.6,1.2,0.3,1.8,2.3,15.9,468359,1279.6693989071039,9.5,101.1,6552961.0,OKC,67,33.2,0.1,1.56,1.66,6.88,78.0,28.0
53,56,Dion Waiters,SG,25,30.1,6.1,14.4,0.424,1.8,4.7,0.395,4.3,9.7,0.43799999999999994,0.488,1.8,2.8,0.6459999999999999,0.4,2.9,3.3,4.3,0.9,0.4,2.2,2.1,15.8,353063,964.6530054644809,10.0,98.03,2898000.0,MIA,46,30.1,0.12,-0.07,0.05,2.8,0.0,7.0
54,57,Wilson Chandler,SF,29,30.9,6.1,13.2,0.461,1.5,4.6,0.337,4.5,8.6,0.527,0.52,2.0,2.7,0.727,1.5,5.0,6.5,2.0,0.7,0.4,1.6,2.4,15.7,77575,211.95355191256832,9.8,100.43,11233146.0,DEN,71,30.9,0.3,-1.54,-1.24,2.69,31.5,18.5
55,58,D'Angelo Russell,PG,20,28.7,5.6,13.8,0.405,2.1,6.1,0.35200000000000004,3.4,7.7,0.447,0.483,2.3,3.0,0.782,0.5,3.0,3.5,4.8,1.4,0.3,2.8,2.1,15.6,769891,2103.5273224043717,9.9,100.87,5332800.0,LAL,63,28.7,0.75,-2.45,-1.7,1.69,0.0,232.0
56,59,Jrue Holiday,PG,26,32.7,6.0,13.3,0.45399999999999996,1.5,4.2,0.35600000000000004,4.6,9.1,0.498,0.51,1.8,2.5,0.708,0.7,3.3,3.9,7.3,1.5,0.7,2.9,2.0,15.4,317070,866.311475409836,12.1,100.12,11286518.0,NO,67,32.7,0.64,1.18,1.82,6.89,0.0,39.0
57,60,Jeff Teague,PG,28,32.4,4.9,11.1,0.442,1.1,3.1,0.35700000000000004,3.8,8.0,0.475,0.49200000000000005,4.4,5.1,0.867,0.4,3.6,4.0,7.8,1.2,0.4,2.6,2.0,15.3,6856,18.73224043715847,13.1,98.98,8800000.0,IND,82,32.4,1.86,-0.22,1.64,8.08,17.5,13.5
58,61,Nicolas Batum,SG,28,34.0,5.1,12.7,0.40299999999999997,1.8,5.3,0.33299999999999996,3.4,7.4,0.45299999999999996,0.47200000000000003,3.2,3.7,0.856,0.6,5.6,6.2,5.9,1.1,0.4,2.5,1.4,15.1,181519,495.9535519125683,11.8,98.76,20869566.0,CHA,77,34.0,1.3,-0.35,0.95,6.73,114.5,66.0
59,63,Gary Harris,SG,22,31.3,5.6,11.2,0.502,1.9,4.5,0.42,3.7,6.7,0.5579999999999999,0.586,1.8,2.4,0.7759999999999999,0.8,2.3,3.1,2.9,1.2,0.1,1.3,1.6,14.9,80128,218.92896174863387,9.1,100.41,1655880.0,DEN,57,31.3,2.88,-2.37,0.51,4.29,6.0,2.5
60,64,Serge Ibaka,PF,27,30.7,6.0,12.4,0.48,1.6,4.0,0.391,4.4,8.4,0.522,0.5429999999999999,1.4,1.6,0.856,1.6,5.2,6.8,0.9,0.5,1.6,1.3,2.7,14.8,589233,1609.9262295081967,10.6,97.87,12250000.0,ORL/TOR,79,30.7,-0.51,1.08,0.57,5.7,,
61,65,Jordan Clarkson,SG,24,29.2,5.8,13.1,0.445,1.4,4.3,0.32899999999999996,4.4,8.7,0.503,0.5,1.6,2.0,0.7979999999999999,0.6,2.4,3.0,2.6,1.1,0.1,2.0,1.8,14.7,748841,2046.0136612021859,8.4,101.34,12500000.0,LAL,82,29.2,-0.63,-3.39,-4.02,-1.4,55.5,179.5
62,66,Khris Middleton,SF,25,30.7,5.2,11.5,0.45,1.6,3.6,0.433,3.6,7.9,0.45899999999999996,0.518,2.8,3.2,0.88,0.4,3.9,4.2,3.4,1.4,0.2,2.2,2.7,14.7,121220,331.2021857923497,10.4,94.63,15200000.0,MIL,29,30.7,0.14,1.26,1.4,2.44,16.0,9.0
63,67,Nikola Vucevic,C,26,28.8,6.4,13.7,0.46799999999999997,0.3,1.0,0.307,6.1,12.7,0.48100000000000004,0.48,1.4,2.1,0.669,2.3,8.0,10.4,2.8,1.0,1.0,1.6,2.4,14.6,4234,11.568306010928962,14.2,100.74,11750000.0,ORL,75,28.8,-1.38,2.15,0.77,5.44,5.5,35.5
64,70,Jeremy Lin,PG,28,24.5,4.9,11.1,0.43799999999999994,1.6,4.3,0.37200000000000005,3.3,6.8,0.48,0.51,3.2,3.9,0.816,0.3,3.4,3.8,5.1,1.2,0.4,2.4,2.2,14.5,1404816,3838.2950819672133,13.1,106.86,11483254.0,BKN,36,24.5,0.48,-0.03,0.45,2.21,936.5,197.5
65,71,Myles Turner,C,20,31.4,5.5,10.7,0.511,0.5,1.4,0.348,5.0,9.3,0.536,0.534,3.0,3.7,0.809,1.7,5.6,7.3,1.3,0.9,2.1,1.3,3.2,14.5,4574,12.497267759562842,11.2,98.5,2463840.0,IND,81,31.4,0.09,2.57,2.66,9.31,53.0,31.0
66,73,Enes Kanter,C,24,21.3,5.6,10.2,0.545,0.1,0.5,0.132,5.5,9.7,0.568,0.5489999999999999,3.1,4.0,0.7859999999999999,2.7,4.0,6.7,0.9,0.4,0.5,1.7,2.1,14.3,487901,1333.0628415300546,15.4,99.17,17145838.0,OKC,72,21.3,0.56,-1.24,-0.68,2.4,147.0,195.0
67,74,Dirk Nowitzki,PF,38,26.4,5.5,12.6,0.43700000000000006,1.5,3.9,0.37799999999999995,4.0,8.7,0.46299999999999997,0.495,1.8,2.1,0.875,0.4,6.1,6.5,1.5,0.6,0.7,0.9,2.1,14.2,1303433,3561.292349726776,12.4,96.06,25000000.0,DAL,54,26.4,-0.38,0.64,0.26,3.02,1564.0,500.5
68,75,Jordan Crawford,SG,28,23.3,5.5,11.5,0.48200000000000004,1.9,5.0,0.389,3.6,6.5,0.5529999999999999,0.5670000000000001,1.1,1.4,0.769,0.2,1.6,1.8,3.0,0.6,0.1,1.3,1.6,14.1,143844,393.0163934426229,10.2,98.47,,NO,19,23.3,0.82,-2.48,-1.66,0.38,1.0,5.0
69,76,Zach Randolph,PF,35,24.5,5.9,13.2,0.449,0.3,1.3,0.223,5.6,11.9,0.474,0.46,1.9,2.6,0.731,2.5,5.7,8.2,1.7,0.5,0.1,1.4,1.9,14.1,262910,718.3333333333334,15.2,94.36,10361445.0,MEM,73,24.5,-0.37,-1.05,-1.42,1.83,47.0,18.5
70,77,Rudy Gobert,C,24,33.9,5.1,7.7,0.6609999999999999,0.0,0.0,0.0,5.1,7.7,0.662,0.6609999999999999,3.8,5.9,0.653,3.9,8.9,12.8,1.2,0.6,2.6,1.8,3.0,14.0,185720,507.43169398907105,16.1,93.11,2121288.0,UTAH,81,33.9,0.35,6.02,6.37,15.55,731.0,225.5
71,78,Al Horford,C,30,32.3,5.6,11.8,0.473,1.3,3.6,0.355,4.3,8.2,0.524,0.527,1.6,2.0,0.8,1.4,5.4,6.8,5.0,0.8,1.3,1.7,2.0,14.0,569636,1556.3825136612022,12.5,98.96,26540100.0,BOS,68,32.3,0.76,1.06,1.82,6.93,136.0,71.0
72,79,Marcus Morris,SF,27,32.5,5.3,12.7,0.418,1.5,4.5,0.331,3.8,8.2,0.466,0.47700000000000004,1.8,2.3,0.784,1.0,3.7,4.6,2.0,0.7,0.3,1.1,2.1,14.0,2575,7.074175824175824,8.0,97.01,4625000.0,DET,79,32.5,-0.11,0.63,0.52,5.85,6.0,23.0
73,80,Markieff Morris,PF,27,31.2,5.3,11.7,0.457,0.9,2.6,0.36200000000000004,4.4,9.1,0.483,0.49700000000000005,2.4,2.8,0.8370000000000001,1.4,5.1,6.5,1.7,1.1,0.6,1.7,3.3,14.0,205138,560.4863387978143,8.9,100.12,7400000.0,WSH,76,31.2,-0.55,2.41,1.86,7.61,9.0,18.0
74,81,Jae Crowder,SF,26,32.4,4.6,10.0,0.46299999999999997,2.2,5.5,0.39799999999999996,2.4,4.5,0.54,0.5720000000000001,2.4,3.0,0.8109999999999999,0.7,5.1,5.8,2.2,1.0,0.3,1.1,2.2,13.9,217840,595.1912568306011,10.3,99.94,6286408.0,BOS,72,32.4,2.2,1.69,3.89,10.52,55.0,47.0
75,82,Kentavious Caldwell-Pope,SG,23,33.3,4.9,12.2,0.39899999999999997,2.0,5.8,0.35,2.9,6.5,0.442,0.48100000000000004,2.0,2.4,0.8320000000000001,0.7,2.5,3.3,2.5,1.2,0.2,1.1,1.6,13.8,104187,284.6639344262295,7.8,97.61,3678319.0,DET,76,33.3,0.71,-1.31,-0.6,4.02,9.0,10.0
76,83,Will Barton,SG,26,28.4,4.9,11.1,0.44299999999999995,1.5,3.9,0.37,3.5,7.2,0.483,0.508,2.4,3.2,0.753,1.0,3.4,4.3,3.4,0.8,0.5,1.6,1.8,13.7,120616,329.551912568306,10.2,100.14,3533333.0,DEN,60,28.4,0.05,-1.2,-1.15,2.2,1.0,3.0
77,84,Bojan Bogdanovic,SF,27,25.7,4.6,10.4,0.445,1.8,4.8,0.36700000000000005,2.9,5.6,0.512,0.53,2.7,3.0,0.893,0.5,3.0,3.4,1.4,0.4,0.1,1.6,1.8,13.7,2213,6.046448087431694,9.1,102.76,3730653.0,BKN/WSH,81,25.7,-0.46,-3.42,-3.88,-1.04,,
78,85,Tyler Johnson,PG,24,29.8,4.9,11.3,0.433,1.3,3.4,0.37200000000000005,3.6,7.9,0.46,0.49,2.7,3.5,0.768,0.7,3.3,4.0,3.2,1.2,0.6,1.2,2.4,13.7,5566,15.207650273224044,10.8,98.21,5628000.0,MIA,73,29.8,0.13,0.18,0.31,4.72,3.0,6.0
79,86,Ryan Anderson,PF,28,29.4,4.5,10.7,0.418,2.8,7.0,0.40299999999999997,1.7,3.7,0.446,0.55,1.8,2.1,0.86,1.6,3.0,4.6,0.9,0.4,0.2,0.8,2.0,13.6,6457,17.64207650273224,7.9,101.8,18735364.0,HOU,72,29.4,1.63,-0.12,1.51,6.46,,
80,87,Andre Drummond,C,23,29.7,6.0,11.2,0.53,0.0,0.1,0.28600000000000003,5.9,11.2,0.532,0.531,1.7,4.4,0.386,4.3,9.5,13.8,1.1,1.5,1.1,1.9,2.9,13.6,457443,1249.844262295082,13.6,96.5,,DET,81,29.7,-1.8,1.55,-0.25,4.33,0.0,25.0
81,88,Dwight Howard,C,31,29.7,5.2,8.3,0.633,0.0,0.0,0.0,5.2,8.3,0.635,0.633,3.1,5.7,0.5329999999999999,4.0,8.7,12.7,1.4,0.9,1.2,2.3,2.7,13.5,1323270,3615.4918032786886,15.1,99.8,23180275.0,ATL,74,29.7,-1.7,2.6,0.9,5.65,7.0,1.0
82,89,Wesley Matthews,SG,30,34.2,4.6,11.6,0.39299999999999996,2.4,6.6,0.363,2.2,5.0,0.43200000000000005,0.496,2.0,2.5,0.816,0.2,3.3,3.5,2.9,1.1,0.2,1.4,2.2,13.5,124941,341.3688524590164,8.1,94.04,17145838.0,DAL,73,34.2,0.09,0.11,0.2,5.06,,
83,91,Darren Collison,PG,29,30.3,5.0,10.5,0.47600000000000003,1.1,2.6,0.41700000000000004,3.9,7.9,0.495,0.527,2.2,2.5,0.86,0.3,1.9,2.2,4.6,1.0,0.1,1.7,1.8,13.2,133821,365.6311475409836,10.0,96.23,5229454.0,SAC,68,30.3,1.06,-1.47,-0.41,3.44,4.0,7.0
84,92,Julius Randle,PF,22,28.8,5.1,10.4,0.488,0.2,0.9,0.27,4.9,9.6,0.507,0.499,2.8,3.8,0.723,2.0,6.6,8.6,3.6,0.7,0.5,2.3,3.4,13.2,265862,726.3989071038251,11.3,100.9,3267120.0,LAL,74,28.8,-0.79,-1.03,-1.82,1.83,102.0,59.0
85,93,Nick Young,SG,31,25.9,4.5,10.6,0.43,2.8,7.0,0.40399999999999997,1.7,3.5,0.48100000000000004,0.564,1.3,1.5,0.856,0.4,1.9,2.3,1.0,0.6,0.2,0.6,2.3,13.2,15721,42.95355191256831,7.5,100.59,5443918.0,LAL,60,25.9,2.28,-1.63,0.65,3.82,45.5,14.0
86,94,Ersan Ilyasova,PF,29,26.1,4.7,10.9,0.431,1.7,4.9,0.353,3.0,6.0,0.496,0.511,2.0,2.5,0.778,1.4,4.5,5.9,1.7,0.7,0.3,1.4,2.6,13.1,9703,26.510928961748633,10.6,101.47,8400000.0,ATL/PHI/OKC,82,26.1,0.98,0.74,1.72,6.83,,
87,95,Sean Kilpatrick,SG,27,25.1,4.4,10.5,0.415,1.5,4.4,0.341,2.9,6.1,0.46799999999999997,0.486,2.9,3.5,0.843,0.3,3.7,4.0,2.2,0.6,0.1,1.9,1.7,13.1,114615,313.155737704918,9.9,103.54,1524305.0,BKN,70,25.1,-0.07,-2.36,-2.43,0.81,,
88,96,Robert Covington,SF,26,31.6,4.4,10.9,0.39899999999999997,2.0,6.1,0.33299999999999996,2.3,4.8,0.484,0.49200000000000005,2.1,2.6,0.8220000000000001,1.4,5.1,6.5,1.5,1.9,1.0,2.0,3.0,12.9,79363,216.83879781420765,9.1,101.81,,PHI,67,31.6,-0.77,4.32,3.55,9.23,38.0,15.0
89,97,Seth Curry,PG,26,29.0,4.8,10.0,0.48100000000000004,2.0,4.6,0.425,2.9,5.4,0.528,0.578,1.2,1.4,0.85,0.4,2.2,2.6,2.7,1.1,0.1,1.3,1.8,12.8,1802876,4925.890710382514,10.3,93.53,,DAL,70,29.0,0.52,0.01,0.53,4.51,30.5,35.0
90,99,Elfrid Payton,PG,22,29.4,5.2,11.1,0.47100000000000003,0.5,1.8,0.27399999999999997,4.8,9.3,0.509,0.493,1.8,2.6,0.6920000000000001,1.1,3.6,4.7,6.5,1.1,0.5,2.2,2.2,12.8,1951,5.345205479452055,11.7,100.23,2613600.0,ORL,82,29.4,1.12,-0.78,0.34,5.38,19.0,8.0
91,100,Dario Saric,PF,22,26.3,4.7,11.4,0.41100000000000003,1.3,4.2,0.311,3.4,7.2,0.469,0.46799999999999997,2.1,2.7,0.782,1.4,5.0,6.3,2.2,0.7,0.4,2.3,2.0,12.8,7204,19.683060109289617,10.3,101.53,2318280.0,PHI,81,26.3,-1.25,-0.62,-1.87,1.74,,
92,101,Aaron Gordon,SF,21,28.7,4.9,10.8,0.45399999999999996,1.0,3.3,0.28800000000000003,4.0,7.5,0.528,0.499,2.0,2.7,0.7190000000000001,1.5,3.6,5.1,1.9,0.8,0.5,1.1,2.2,12.7,627319,1713.9863387978141,8.8,99.7,4351320.0,ORL,80,28.7,1.25,-0.78,0.47,5.32,42.5,16.0
93,102,Rodney Hood,SG,24,27.0,4.6,11.3,0.408,1.9,5.2,0.371,2.7,6.1,0.44,0.494,1.5,1.9,0.7829999999999999,0.3,3.2,3.4,1.6,0.6,0.2,1.1,2.2,12.7,100654,275.0109289617486,8.6,93.25,1406520.0,UTAH,59,27.0,-0.26,-0.51,-0.77,2.23,,
94,103,DeAndre Jordan,C,28,31.7,5.1,7.1,0.7140000000000001,0.0,0.0,0.0,5.1,7.1,0.7170000000000001,0.7140000000000001,2.5,5.2,0.48200000000000004,3.7,10.1,13.8,1.2,0.6,1.7,1.4,2.6,12.7,703725,1922.7459016393443,15.0,98.43,,LAC,81,31.7,1.11,3.44,4.55,12.59,189.5,27.0
95,104,Clint Capela,C,22,23.9,5.6,8.7,0.643,0.0,0.0,,5.6,8.7,0.643,0.643,1.4,2.7,0.531,2.7,5.4,8.1,1.0,0.5,1.2,1.3,2.8,12.6,112159,306.44535519125685,13.0,101.19,,HOU,65,23.9,-1.47,1.12,-0.35,2.82,120.0,45.5
96,105,Pau Gasol,C,36,25.4,4.7,9.4,0.502,0.9,1.6,0.5379999999999999,3.9,7.8,0.494,0.5479999999999999,2.0,2.9,0.7070000000000001,1.7,6.2,7.8,2.3,0.4,1.1,1.3,1.7,12.4,1039035,2838.8934426229507,14.3,95.48,15500000.0,SA,64,25.4,0.86,1.49,2.35,5.48,882.5,148.5
97,106,Jamal Crawford,SG,36,26.3,4.4,10.6,0.413,1.4,3.9,0.36,3.0,6.7,0.44299999999999995,0.479,2.1,2.5,0.857,0.2,1.4,1.6,2.6,0.7,0.2,1.6,1.4,12.3,569984,1557.3333333333333,7.9,98.53,13253012.0,LAC,82,26.3,-0.06,-3.18,-3.24,-0.16,49.0,32.0
98,107,Austin Rivers,SG,24,27.8,4.4,9.9,0.442,1.5,4.0,0.371,2.9,5.8,0.491,0.518,1.8,2.6,0.691,0.3,1.9,2.2,2.8,0.6,0.1,1.6,2.5,12.0,303841,830.1666666666666,6.9,98.18,11000000.0,LAC,74,27.8,-0.17,-1.73,-1.9,1.62,75.5,23.0
99,108,Jonas Valanciunas,C,24,25.8,4.9,8.8,0.557,0.0,0.0,0.5,4.9,8.8,0.557,0.5579999999999999,2.2,2.7,0.8109999999999999,2.8,6.7,9.5,0.7,0.5,0.8,1.3,2.7,12.0,2942,8.12707182320442,13.6,96.61,14382023.0,TOR,80,25.8,-0.74,0.75,0.01,4.06,65.0,40.0
100,109,Jahlil Okafor,C,21,22.7,4.8,9.4,0.514,0.0,0.0,,4.8,9.4,0.514,0.514,2.1,3.2,0.6709999999999999,1.6,3.2,4.8,1.2,0.4,1.0,1.8,2.4,11.8,490282,1339.568306010929,9.7,98.93,4788840.0,PHI,50,22.7,-4.43,-1.26,-5.69,-1.85,,
101,110,Trevor Ariza,SF,31,34.7,4.1,10.0,0.409,2.4,6.9,0.344,1.7,3.0,0.556,0.528,1.2,1.6,0.738,0.7,5.1,5.7,2.2,1.8,0.3,0.9,1.7,11.7,206381,563.8825136612022,8.5,102.78,7806971.0,HOU,80,34.7,0.86,1.07,1.93,9.29,10.0,15.0
102,111,Frank Kaminsky,C,23,26.1,4.3,10.7,0.39899999999999997,1.5,4.7,0.32799999999999996,2.7,6.0,0.455,0.47100000000000003,1.6,2.1,0.7559999999999999,0.8,3.7,4.5,2.2,0.6,0.5,1.0,1.9,11.7,274311,749.483606557377,8.5,98.15,2730000.0,CHA,75,26.1,0.96,-0.51,0.45,4.4,112.5,29.0
103,112,Greg Monroe,C,26,22.5,4.8,9.0,0.5329999999999999,0.0,0.0,0.0,4.8,8.9,0.536,0.5329999999999999,2.2,3.0,0.741,2.1,4.5,6.6,2.3,1.1,0.5,1.7,2.1,11.7,115932,316.75409836065575,13.9,96.98,17145838.0,MIL,81,22.5,1.08,0.47,1.55,5.34,9.0,7.0
104,113,Steven Adams,C,23,29.9,4.7,8.2,0.5710000000000001,0.0,0.0,0.0,4.7,8.2,0.5720000000000001,0.5710000000000001,2.0,3.2,0.611,3.5,4.2,7.7,1.1,1.1,1.0,1.8,2.4,11.3,1445971,3950.74043715847,9.7,101.16,3140517.0,OKC,80,29.9,-0.3,1.68,1.38,7.01,36.0,99.0
105,114,Marvin Williams,PF,30,30.2,3.9,9.3,0.42200000000000004,1.6,4.7,0.35,2.3,4.6,0.494,0.51,1.7,2.0,0.873,1.2,5.4,6.6,1.4,0.8,0.7,0.8,1.8,11.2,141469,386.5273224043716,9.6,97.82,12250000.0,CHA,76,30.2,-0.02,-0.07,-0.09,4.36,,
106,115,Ricky Rubio,PG,26,32.9,3.5,8.7,0.402,0.8,2.6,0.306,2.7,6.1,0.44299999999999995,0.44799999999999995,3.4,3.8,0.8909999999999999,0.9,3.2,4.1,9.1,1.7,0.1,2.6,2.7,11.1,332978,909.775956284153,11.4,97.07,13550000.0,MIN,75,32.9,1.73,0.76,2.49,8.72,262.5,76.0
107,116,Jerryd Bayless,PG,28,23.7,3.7,10.7,0.344,0.7,1.7,0.4,3.0,9.0,0.33299999999999996,0.375,3.0,3.3,0.9,1.0,3.0,4.0,4.3,0.0,0.0,3.0,1.3,11.0,102134,279.05464480874315,9.7,97.84,9424084.0,PHI,3,23.7,-2.23,-0.47,-2.7,0.02,2.0,5.0
108,117,Kent Bazemore,SF,27,26.9,4.0,9.9,0.409,1.3,3.6,0.34600000000000003,2.8,6.2,0.446,0.473,1.6,2.3,0.708,0.6,2.5,3.2,2.4,1.2,0.7,1.7,2.3,11.0,220928,603.6284153005464,7.4,100.37,15730338.0,ATL,73,26.9,-0.69,-0.5,-1.19,2.41,,
109,118,Brandon Knight,SG,25,21.1,3.9,9.7,0.39799999999999996,0.8,2.6,0.324,3.0,7.1,0.425,0.441,2.4,2.9,0.857,0.5,1.7,2.2,2.4,0.5,0.1,1.6,1.6,11.0,3997,10.920765027322405,8.8,102.73,12606250.0,PHX,54,21.1,-2.24,-3.08,-5.32,-1.63,,
110,119,Emmanuel Mudiay,PG,20,25.6,3.8,10.0,0.377,1.0,3.2,0.315,2.8,6.8,0.408,0.428,2.4,3.0,0.784,0.5,2.7,3.2,3.9,0.7,0.2,2.2,1.7,11.0,238372,651.2896174863388,7.4,101.93,3241800.0,DEN,55,25.6,-1.52,-2.38,-3.9,-0.71,69.0,21.0
111,120,Terrence Ross,SF,25,25.1,4.2,9.6,0.43700000000000006,1.8,5.0,0.363,2.4,4.6,0.518,0.532,0.8,1.0,0.831,0.2,2.4,2.6,1.1,1.1,0.4,0.9,1.8,11.0,261010,713.1420765027323,7.8,99.82,10000000.0,ORL/TOR,78,25.1,1.36,-1.23,0.13,4.06,0.0,0.0
112,121,Deron Williams,PG,32,25.9,4.1,9.4,0.43799999999999994,1.3,3.7,0.363,2.8,5.7,0.486,0.509,1.4,1.7,0.826,0.2,2.1,2.3,5.6,0.5,0.1,2.2,2.2,11.0,368767,1007.5601092896175,10.0,94.28,,CLE/DAL,64,25.9,0.69,-0.91,-0.22,2.95,36.0,19.0
113,122,Thaddeus Young,PF,28,30.2,4.9,9.3,0.527,0.6,1.6,0.381,4.3,7.7,0.557,0.56,0.6,1.2,0.523,1.8,4.3,6.1,1.6,1.5,0.4,1.3,1.8,11.0,148319,405.2431693989071,9.7,98.97,14153652.0,IND,74,30.2,-1.09,1.94,0.85,5.66,0.0,1.5
114,123,J.J. Barea,PG,32,22.0,4.1,9.8,0.414,1.5,4.2,0.358,2.5,5.6,0.456,0.491,1.3,1.5,0.863,0.3,2.1,2.4,5.5,0.4,0.0,1.8,0.9,10.9,1880,5.136612021857924,13.4,95.14,4096950.0,DAL,35,22.0,0.15,-1.57,-1.42,0.8,0.0,17.5
115,124,Justise Winslow,SF,20,34.7,4.4,12.5,0.35600000000000004,0.4,1.9,0.2,4.1,10.6,0.384,0.371,1.6,2.6,0.617,1.3,3.9,5.2,3.7,1.4,0.3,1.8,2.9,10.9,281526,769.1967213114754,5.9,97.53,2593440.0,MIA,18,34.7,-4.08,0.16,-3.92,-0.31,88.5,33.5
116,125,Taj Gibson,PF,31,25.5,4.7,9.1,0.515,0.0,0.2,0.231,4.6,8.9,0.52,0.517,1.4,2.0,0.715,2.0,4.2,6.2,0.9,0.5,0.8,1.3,2.1,10.8,119433,326.3196721311475,9.7,98.39,8950000.0,CHI/OKC,78,25.5,-1.76,2.02,0.26,4.29,52.0,17.0
117,126,Marcin Gortat,C,32,31.2,4.8,8.2,0.579,0.0,0.0,0.0,4.8,8.2,0.58,0.579,1.3,1.9,0.648,2.9,7.5,10.4,1.5,0.5,0.7,1.5,2.6,10.8,136497,372.94262295081967,10.9,99.85,12000000.0,WSH,82,31.2,-1.25,1.18,-0.07,5.01,1.0,1.0
118,127,Terrence Jones,PF,25,23.5,4.3,9.1,0.47,0.4,1.4,0.253,3.9,7.7,0.508,0.489,1.9,3.1,0.606,1.2,4.5,5.7,1.1,0.7,1.0,0.9,1.2,10.8,103718,283.3825136612022,11.0,99.53,,NO/MIL,54,23.5,-1.38,-0.72,-2.1,0.84,42.0,18.5
119,128,Courtney Lee,SG,31,31.9,4.2,9.1,0.456,1.4,3.5,0.401,2.8,5.6,0.49,0.5329999999999999,1.1,1.3,0.867,0.7,2.7,3.4,2.3,1.1,0.3,0.9,1.8,10.8,246902,674.5956284153006,7.7,97.86,11242000.0,NY,77,31.9,0.58,-1.51,-0.93,3.4,2.0,1.0
120,129,Allen Crabbe,SG,24,28.5,3.8,8.2,0.46799999999999997,1.7,3.8,0.444,2.1,4.4,0.49,0.5720000000000001,1.3,1.6,0.847,0.2,2.6,2.9,1.2,0.7,0.3,0.8,2.2,10.7,139831,382.051912568306,7.4,99.95,18500000.0,POR,79,28.5,0.22,-2.87,-2.65,0.68,11.5,9.0
121,132,Buddy Hield,SG,23,23.0,4.0,9.4,0.426,1.8,4.6,0.391,2.2,4.7,0.461,0.523,0.8,0.9,0.8420000000000001,0.4,2.9,3.3,1.5,0.5,0.1,1.2,1.4,10.6,804536,2198.185792349727,8.4,98.9,3517200.0,NO/SAC,82,23.0,-0.92,-2.28,-3.2,-0.09,512.0,333.0
122,133,Nikola Mirotic,PF,25,24.0,3.7,8.9,0.413,1.8,5.4,0.342,1.8,3.5,0.52,0.516,1.4,1.8,0.773,0.9,4.6,5.5,1.1,0.8,0.8,1.1,1.8,10.6,2682,7.347945205479452,10.4,97.95,5782450.0,CHI,70,24.0,0.92,1.31,2.23,5.69,119.0,50.5
123,134,Marcus Smart,SG,22,30.4,3.4,9.5,0.359,1.2,4.2,0.28300000000000003,2.2,5.3,0.42,0.42200000000000004,2.6,3.2,0.812,1.0,2.9,3.9,4.6,1.6,0.4,2.0,2.4,10.6,194047,530.1830601092896,8.1,100.29,3578880.0,BOS,79,30.4,0.26,0.49,0.75,5.98,1.0,9.0
124,135,Marco Belinelli,SG,30,24.0,3.6,8.3,0.429,1.4,3.8,0.36,2.2,4.5,0.488,0.512,2.0,2.3,0.893,0.2,2.2,2.4,2.0,0.6,0.1,0.9,1.2,10.5,138896,379.4972677595628,8.8,97.98,6333333.0,CHA,74,24.0,0.67,-1.87,-1.2,2.15,0.0,15.0
125,136,Wayne Ellington,SG,29,24.2,3.7,9.0,0.41600000000000004,2.4,6.4,0.37799999999999995,1.3,2.6,0.509,0.55,0.6,0.7,0.86,0.3,1.8,2.1,1.1,0.6,0.1,0.5,1.1,10.5,96963,264.92622950819674,8.2,97.3,6000000.0,MIA,62,24.2,2.26,-1.6,0.66,3.58,18.0,12.0
126,137,Robin Lopez,C,28,28.0,4.7,9.6,0.493,0.0,0.0,0.0,4.7,9.5,0.494,0.493,0.9,1.3,0.721,3.0,3.4,6.4,1.0,0.2,1.4,1.1,1.9,10.4,354253,967.9043715846994,8.3,97.27,13219250.0,CHI,81,28.0,-2.07,0.63,-1.44,2.42,,
127,138,Mason Plumlee,C,26,26.5,4.1,7.7,0.536,0.0,0.1,0.0,4.1,7.6,0.541,0.536,2.1,3.7,0.58,2.1,5.4,7.5,3.5,0.9,1.1,1.7,2.8,10.4,329923,901.4289617486339,11.2,99.06,2328530.0,DEN/POR,81,26.5,0.71,0.22,0.93,5.6,,
128,139,Tyreke Evans,SF,27,19.7,3.8,9.3,0.405,1.1,3.0,0.35600000000000004,2.7,6.3,0.429,0.462,1.7,2.3,0.75,0.3,3.1,3.4,3.1,0.9,0.2,1.5,1.5,10.3,299239,817.5928961748634,11.8,98.53,10203755.0,NO/SAC,40,19.7,-1.52,0.02,-1.5,0.81,6.0,9.0
129,140,Cody Zeller,PF,24,27.8,4.1,7.1,0.5710000000000001,0.0,0.0,0.0,4.1,7.1,0.5720000000000001,0.5710000000000001,2.1,3.2,0.679,2.2,4.4,6.5,1.6,1.0,0.9,1.0,3.0,10.3,163988,448.05464480874315,9.6,97.57,5318313.0,CHA,62,27.8,-0.07,3.42,3.35,6.97,90.0,29.0
130,141,Malcolm Brogdon,SG,24,26.4,3.9,8.5,0.457,1.0,2.6,0.40399999999999997,2.8,5.9,0.48,0.518,1.5,1.7,0.865,0.6,2.2,2.8,4.2,1.1,0.2,1.5,1.9,10.2,121342,331.53551912568304,9.8,96.37,,MIL,75,26.4,1.86,-0.42,1.44,5.66,,
131,142,Draymond Green,PF,26,32.5,3.6,8.6,0.418,1.1,3.5,0.308,2.5,5.1,0.494,0.48100000000000004,2.0,2.8,0.7090000000000001,1.3,6.6,7.9,7.0,2.0,1.4,2.4,2.9,10.2,1866704,5100.284153005465,11.7,103.34,15330435.0,GS,76,32.5,1.55,5.59,7.14,16.84,627.0,168.5
132,143,Jon Leuer,PF,27,25.9,4.1,8.6,0.48,0.7,2.2,0.293,3.5,6.4,0.545,0.518,1.3,1.5,0.867,1.4,4.0,5.4,1.5,0.4,0.3,0.9,1.9,10.2,76715,209.60382513661202,10.0,97.11,10991957.0,DET,75,25.9,-1.43,0.58,-0.85,2.78,,
133,144,Jusuf Nurkic,C,22,21.4,4.2,8.2,0.507,0.0,0.0,0.0,4.2,8.2,0.508,0.507,1.8,3.2,0.5710000000000001,2.4,4.8,7.2,1.9,0.8,1.1,2.2,2.5,10.2,1423,3.9859943977591037,11.7,100.65,1921320.0,DEN/POR,65,21.4,-2.11,2.73,0.62,3.32,45.0,43.5
134,145,Josh Richardson,SG,23,30.5,3.8,9.7,0.39399999999999996,1.4,4.3,0.33,2.4,5.4,0.444,0.467,1.1,1.5,0.779,0.7,2.5,3.2,2.6,1.1,0.7,1.2,2.5,10.2,138306,377.88524590163934,6.9,97.52,1471382.0,MIA,53,30.5,-1.63,0.06,-1.57,1.57,42.0,10.0
135,146,Kyle Korver,SG,35,26.2,3.6,7.7,0.46399999999999997,2.4,5.4,0.451,1.1,2.3,0.494,0.621,0.6,0.6,0.905,0.1,2.7,2.8,1.6,0.5,0.3,1.0,1.6,10.1,394107,1076.795081967213,8.1,100.0,5239437.0,ATL/CLE,67,26.2,-0.15,-2.61,-2.76,0.41,107.5,30.5
136,147,Tony Parker,PG,34,25.2,4.2,9.0,0.466,0.4,1.1,0.33299999999999996,3.8,7.9,0.484,0.486,1.3,1.9,0.726,0.1,1.7,1.8,4.5,0.5,0.0,1.4,1.5,10.1,1061395,2899.9863387978144,9.3,93.94,14445313.0,SA,63,25.2,-0.69,-0.97,-1.66,1.42,,
137,148,Trevor Booker,PF,29,24.7,4.3,8.3,0.516,0.4,1.1,0.321,3.9,7.2,0.546,0.537,1.0,1.5,0.6729999999999999,2.0,6.0,8.0,1.9,1.1,0.4,1.8,2.1,10.0,80971,221.23224043715848,12.7,103.12,9250000.0,BKN,71,24.7,-2.29,2.0,-0.29,3.3,16.5,8.0
138,149,Gorgui Dieng,PF,27,32.4,4.0,8.1,0.502,0.2,0.5,0.37200000000000005,3.9,7.5,0.511,0.514,1.7,2.0,0.8140000000000001,2.3,5.6,7.9,1.9,1.1,1.2,1.3,3.1,10.0,108208,295.6502732240437,9.2,96.76,2348783.0,MIN,82,32.4,-0.8,3.52,2.72,9.73,,
139,150,Yogi Ferrell,PG,23,26.0,3.5,8.6,0.406,1.5,3.8,0.386,2.0,4.7,0.42200000000000004,0.49200000000000005,1.6,1.9,0.831,0.4,2.0,2.4,3.7,0.9,0.2,1.5,2.0,10.0,160576,438.73224043715845,8.4,95.91,,DAL/BKN,46,26.0,-0.99,-1.21,-2.2,0.39,37.5,9.0
140,151,Maurice Harkless,SF,23,28.9,4.1,8.1,0.503,0.9,2.5,0.35100000000000003,3.2,5.6,0.5720000000000001,0.5579999999999999,1.0,1.6,0.621,1.6,2.8,4.4,1.1,1.1,0.9,1.1,2.8,10.0,119585,326.73497267759564,6.9,99.45,8988765.0,POR,77,28.9,0.38,0.49,0.87,5.67,0.0,14.5
141,152,Ty Lawson,PG,29,25.1,3.4,7.6,0.45399999999999996,0.5,1.7,0.28800000000000003,2.9,5.9,0.502,0.48700000000000004,2.5,3.1,0.797,0.6,2.0,2.6,4.8,1.1,0.1,1.9,1.7,9.9,245342,670.3333333333334,10.6,98.33,,SAC,69,25.1,0.49,-1.21,-0.72,2.63,75.5,27.0
142,153,Shabazz Muhammad,SF,24,19.4,3.7,7.7,0.48200000000000004,0.6,1.9,0.33799999999999997,3.1,5.8,0.528,0.523,1.9,2.4,0.774,1.1,1.7,2.8,0.4,0.3,0.1,0.7,1.1,9.9,155947,426.08469945355193,9.4,97.93,3046299.0,MIN,78,19.4,-0.56,-3.19,-3.75,-0.6,,
143,154,Jamal Murray,SG,19,21.5,3.6,8.9,0.40399999999999997,1.4,4.2,0.33399999999999996,2.2,4.7,0.466,0.483,1.3,1.5,0.883,0.5,2.1,2.6,2.1,0.6,0.3,1.4,1.5,9.9,247566,676.4098360655738,7.8,101.15,3210840.0,DEN,82,21.5,0.06,-1.57,-1.51,1.86,0.0,62.5
144,155,Richaun Holmes,C,23,20.9,4.0,7.2,0.5579999999999999,0.5,1.4,0.35100000000000003,3.6,5.9,0.606,0.591,1.3,1.8,0.6990000000000001,1.6,3.8,5.5,1.0,0.7,1.0,1.0,2.4,9.8,42878,117.15300546448087,11.6,100.79,,PHI,57,20.9,-0.32,-0.18,-0.5,2.01,25.0,4.0
145,156,Jeremy Lamb,SG,24,18.4,3.6,7.9,0.46,0.7,2.4,0.281,3.0,5.6,0.536,0.502,1.8,2.1,0.853,0.5,3.8,4.3,1.2,0.4,0.4,0.6,1.6,9.7,106272,290.3606557377049,12.4,95.9,6511628.0,CHA,62,18.4,0.04,-1.32,-1.28,1.31,,
146,157,Kenneth Faried,PF,27,21.2,3.7,6.8,0.5479999999999999,0.0,0.1,0.0,3.7,6.7,0.556,0.5479999999999999,2.1,3.1,0.693,3.0,4.6,7.6,0.9,0.7,0.7,1.0,2.0,9.6,162539,444.09562841530055,12.4,100.81,12078652.0,DEN,61,21.2,-0.07,-1.55,-1.62,1.27,14.0,8.0
147,158,E'Twaun Moore,SG,27,24.9,3.9,8.5,0.457,1.1,2.8,0.37,2.8,5.6,0.501,0.519,0.8,1.0,0.77,0.5,1.6,2.1,2.2,0.7,0.4,0.8,1.8,9.6,87851,240.03005464480876,7.3,100.16,8081363.0,NO,73,24.9,-0.24,-1.58,-1.82,1.5,0.0,10.0
148,159,Patrick Beverley,SG,28,30.7,3.4,8.1,0.42,1.6,4.3,0.382,1.8,3.8,0.46299999999999997,0.521,1.1,1.4,0.768,1.4,4.4,5.9,4.2,1.5,0.4,1.5,3.3,9.5,194883,532.4672131147541,8.5,101.61,,HOU,67,30.7,1.11,1.37,2.48,7.56,214.5,51.0
149,160,Derrick Favors,PF,25,23.7,4.1,8.3,0.48700000000000004,0.1,0.2,0.3,4.0,8.1,0.491,0.49,1.3,2.2,0.615,1.8,4.3,6.1,1.1,0.9,0.8,1.2,2.1,9.5,120839,330.1612021857924,10.8,92.72,11050000.0,UTAH,50,23.7,-2.76,2.06,-0.7,1.73,25.0,6.5
150,161,Patty Mills,PG,28,21.9,3.4,7.8,0.44,1.8,4.4,0.414,1.6,3.3,0.474,0.5579999999999999,0.8,1.0,0.825,0.3,1.5,1.8,3.5,0.8,0.0,1.3,1.4,9.5,400503,1094.2704918032787,10.0,98.97,3578948.0,SA,80,21.9,2.53,-1.26,1.27,4.86,112.0,19.0
151,162,Nik Stauskas,SG,23,27.4,3.1,7.9,0.396,1.7,4.5,0.368,1.5,3.4,0.433,0.5,1.5,1.9,0.813,0.3,2.6,2.8,2.4,0.6,0.4,1.6,1.8,9.5,200937,549.0081967213115,6.7,100.28,2993040.0,PHI,80,27.4,-0.32,-2.25,-2.57,0.78,28.0,11.0
152,163,Michael Beasley,PF,28,16.7,3.9,7.3,0.532,0.3,0.8,0.419,3.5,6.5,0.545,0.5539999999999999,1.4,1.9,0.743,0.7,2.7,3.4,0.9,0.5,0.5,1.2,1.6,9.4,539285,1473.4562841530055,11.6,97.91,1403611.0,MIL,56,16.7,-1.7,-0.61,-2.31,0.48,8.0,5.0
153,164,Brandon Ingram,SF,19,28.8,3.5,8.7,0.402,0.7,2.4,0.294,2.8,6.3,0.44299999999999995,0.442,1.7,2.7,0.621,0.8,3.2,4.0,2.1,0.6,0.5,1.5,2.0,9.4,773717,2113.98087431694,5.5,100.45,5281680.0,LAL,79,28.8,-1.76,-2.93,-4.69,-2.32,194.0,100.0
154,165,Ish Smith,PG,28,24.1,4.1,9.2,0.439,0.3,1.3,0.267,3.7,8.0,0.467,0.45799999999999996,0.9,1.3,0.706,0.3,2.6,2.9,5.2,0.8,0.4,1.4,1.6,9.4,156900,428.6885245901639,10.7,97.62,6000000.0,DET,81,24.1,0.28,0.25,0.53,4.48,,
155,166,Cory Joseph,PG,25,25.0,3.7,8.3,0.452,0.6,1.7,0.35600000000000004,3.1,6.6,0.47700000000000004,0.489,1.2,1.5,0.77,0.6,2.3,2.9,3.3,0.8,0.2,1.4,1.8,9.3,348322,951.6994535519126,8.9,97.43,7315000.0,TOR,80,25.0,-0.5,-1.94,-2.44,0.86,48.5,15.0
156,167,Marquese Chriss,PF,19,21.3,3.5,7.7,0.449,0.9,2.7,0.321,2.6,5.0,0.52,0.506,1.4,2.2,0.624,1.2,3.1,4.2,0.7,0.8,0.9,1.3,3.2,9.2,121428,429.0742049469965,6.3,103.56,2941440.0,PHX,82,21.3,-1.96,-1.82,-3.78,-0.76,0.0,22.0
157,168,Jeff Green,PF,30,22.2,3.2,8.1,0.39399999999999996,0.8,2.8,0.275,2.4,5.3,0.45799999999999996,0.442,2.1,2.4,0.863,0.6,2.5,3.1,1.2,0.5,0.2,1.1,1.5,9.2,7284,19.901639344262296,7.7,98.84,15000000.0,ORL,69,22.2,-2.03,-1.31,-3.34,-0.21,57.5,28.5
158,169,Gerald Henderson,SG,29,23.2,3.3,7.7,0.423,0.8,2.4,0.353,2.4,5.3,0.455,0.478,1.8,2.3,0.8059999999999999,0.5,2.1,2.6,1.6,0.6,0.2,0.9,1.8,9.2,54097,147.80601092896174,7.3,100.88,9000000.0,PHI,72,23.2,-1.51,-2.42,-3.93,-0.87,1.0,8.0
159,170,Joe Johnson,SF,35,23.6,3.5,8.0,0.436,1.4,3.3,0.41100000000000003,2.1,4.7,0.45399999999999996,0.521,0.8,1.0,0.818,0.4,2.7,3.1,1.8,0.5,0.2,0.9,1.2,9.2,11271,30.795081967213115,9.5,93.26,11000000.0,UTAH,78,23.6,0.79,-1.56,-0.77,2.58,,
160,171,Michael Kidd-Gilchrist,SF,23,29.0,3.6,7.6,0.47700000000000004,0.0,0.1,0.111,3.6,7.5,0.483,0.478,1.9,2.4,0.784,1.9,5.0,7.0,1.4,1.0,1.0,0.7,2.3,9.2,236845,647.1174863387978,9.3,97.79,13000000.0,CHA,81,29.0,-1.97,2.47,0.5,5.31,29.0,11.0
161,172,Jameer Nelson,PG,34,27.3,3.6,8.1,0.444,1.4,3.6,0.38799999999999996,2.2,4.4,0.489,0.531,0.6,0.8,0.7140000000000001,0.4,2.2,2.6,5.1,0.7,0.1,1.7,2.6,9.2,159240,435.08196721311475,7.5,100.06,4540525.0,DEN,75,27.3,0.45,-0.44,0.01,4.17,0.0,9.0
162,173,Tony Allen,SG,35,27.0,3.9,8.4,0.461,0.2,0.8,0.278,3.6,7.6,0.479,0.473,1.1,1.8,0.615,2.3,3.2,5.5,1.4,1.6,0.4,1.4,2.5,9.1,7154,19.546448087431695,8.0,93.85,5505618.0,MEM,71,27.0,-2.03,2.15,0.12,3.76,10.5,11.0
163,174,Channing Frye,C,33,18.9,3.2,7.0,0.45799999999999996,1.9,4.5,0.409,1.4,2.5,0.546,0.589,0.9,1.0,0.851,0.5,3.4,3.9,0.6,0.4,0.5,0.7,1.9,9.1,451543,1233.724043715847,10.1,98.14,7806971.0,CLE,74,18.9,1.62,-0.58,1.04,3.7,8.0,4.0
164,175,Montrezl Harrell,C,23,18.3,3.9,5.9,0.652,0.0,0.1,0.14300000000000002,3.9,5.8,0.6629999999999999,0.654,1.3,2.1,0.628,1.4,2.4,3.8,1.1,0.3,0.7,0.8,2.2,9.1,83030,226.85792349726776,10.8,102.52,,HOU,58,18.3,-0.39,-0.6,-0.99,1.5,11.0,4.0
165,177,Jodie Meeks,SG,29,20.5,2.9,7.1,0.402,1.6,3.8,0.409,1.3,3.3,0.395,0.512,1.8,2.1,0.878,0.1,2.0,2.1,1.3,0.9,0.1,1.0,1.1,9.1,86753,237.03005464480876,8.1,100.24,6540000.0,ORL,36,20.5,-0.05,-1.6,-1.65,0.7,36.5,15.0
166,178,Dahntay Jones,SF,36,12.0,3.0,8.0,0.375,0.0,2.0,0.0,3.0,6.0,0.5,0.375,3.0,4.0,0.75,1.0,1.0,2.0,1.0,0.0,0.0,1.0,1.0,9.0,254018,694.0382513661202,7.6,85.92,,CLE,1,12.0,-1.68,-0.38,-2.06,0.01,0.0,99.5
167,179,Doug McDermott,SF,25,22.8,3.4,7.5,0.447,1.2,3.2,0.37,2.2,4.4,0.502,0.524,1.1,1.3,0.845,0.3,2.4,2.7,0.9,0.2,0.1,0.6,1.2,9.0,251023,685.8551912568306,7.7,97.63,2483040.0,CHI/OKC,66,22.8,-0.61,-3.92,-4.53,-1.33,,
168,180,Kelly Olynyk,C,25,20.5,3.5,6.8,0.512,0.9,2.6,0.354,2.6,4.2,0.608,0.579,1.2,1.6,0.732,1.0,3.8,4.8,2.0,0.6,0.4,1.3,2.8,9.0,191661,523.6639344262295,11.0,99.85,3094014.0,BOS,75,20.5,-0.31,0.81,0.5,3.54,56.5,16.0
169,181,Evan Turner,SF,28,25.5,3.6,8.5,0.426,0.5,1.8,0.263,3.1,6.7,0.47,0.45399999999999996,1.3,1.6,0.825,0.6,3.2,3.8,3.2,0.8,0.4,1.5,1.9,9.0,286667,783.2431693989071,8.8,99.29,16393443.0,POR,65,25.5,-3.04,0.15,-2.89,0.25,17.0,13.0
170,182,DeMarre Carroll,SF,30,26.1,3.1,7.6,0.4,1.5,4.4,0.341,1.5,3.2,0.483,0.499,1.2,1.6,0.7609999999999999,0.9,2.9,3.8,1.0,1.1,0.4,0.8,2.0,8.9,235229,642.7021857923497,7.1,96.82,14200000.0,TOR,72,26.1,0.0,0.83,0.83,4.66,29.5,8.0
171,183,JaMychal Green,PF,26,27.3,3.2,6.5,0.5,0.7,1.9,0.379,2.5,4.6,0.5489999999999999,0.555,1.7,2.2,0.802,2.2,4.9,7.1,1.1,0.6,0.4,1.2,3.2,8.9,56062,153.17486338797815,9.3,94.31,,MEM,77,27.3,-0.41,0.39,-0.02,3.94,,
172,184,Skal Labissiere,PF,20,18.5,3.5,6.6,0.537,0.1,0.2,0.375,3.5,6.4,0.5429999999999999,0.544,1.6,2.2,0.703,1.5,3.4,4.9,0.8,0.5,0.4,1.1,1.9,8.8,3625,9.904371584699453,10.6,97.78,,SAC,33,18.5,-1.93,-0.04,-1.97,0.45,,
173,185,Al-Farouq Aminu,SF,26,29.1,3.0,7.6,0.39299999999999996,1.1,3.5,0.33,1.9,4.2,0.445,0.46799999999999997,1.6,2.2,0.706,1.3,6.1,7.4,1.6,1.0,0.7,1.5,1.7,8.7,221189,604.3415300546449,9.2,98.38,7680965.0,POR,61,29.1,-1.86,3.13,1.27,4.86,33.0,9.0
174,186,Rondae Hollis-Jefferson,SF,22,22.6,3.0,6.9,0.434,0.2,0.9,0.22399999999999998,2.8,6.1,0.46299999999999997,0.447,2.4,3.2,0.7509999999999999,1.2,4.6,5.8,2.0,1.1,0.6,1.5,2.3,8.7,80986,221.27322404371586,9.8,104.94,1395600.0,BKN,78,22.6,-2.16,1.78,-0.38,3.29,,
175,187,Nerlens Noel,C,22,20.5,3.6,6.1,0.595,0.0,0.0,0.0,3.6,6.0,0.597,0.595,1.5,2.2,0.6940000000000001,1.8,3.9,5.8,1.0,1.3,1.0,1.0,2.5,8.7,333784,911.9781420765028,12.7,98.69,4384490.0,DAL/PHI,51,20.5,-1.33,2.58,1.25,2.95,105.0,64.0
176,188,Marreese Speights,C,29,15.7,3.0,6.7,0.445,1.3,3.4,0.37200000000000005,1.7,3.3,0.52,0.539,1.5,1.7,0.8759999999999999,1.1,3.5,4.5,0.8,0.3,0.5,0.8,2.8,8.7,400721,1094.8661202185792,11.4,97.43,1403611.0,LAC,82,15.7,0.67,0.69,1.36,3.66,80.0,12.0
177,190,Monta Ellis,SG,31,27.0,3.3,7.5,0.44299999999999995,0.6,1.8,0.319,2.8,5.7,0.483,0.48200000000000004,1.3,1.7,0.727,0.3,2.5,2.8,3.2,1.1,0.4,1.8,2.0,8.5,336578,919.6120218579235,6.9,98.1,10763500.0,IND,74,27.0,-1.32,-1.64,-2.96,0.21,,
178,191,Tony Snell,SG,25,29.2,3.1,6.8,0.455,1.8,4.4,0.406,1.3,2.3,0.5479999999999999,0.588,0.6,0.7,0.81,0.3,2.8,3.1,1.2,0.7,0.2,0.7,1.6,8.5,2587,7.087671232876712,6.5,96.85,2368327.0,MIL,80,29.2,-0.02,-0.85,-0.87,3.29,,
179,192,Arron Afflalo,SG,31,25.9,3.0,6.9,0.44,1.0,2.5,0.41100000000000003,2.0,4.4,0.457,0.514,1.4,1.5,0.892,0.1,1.9,2.0,1.3,0.3,0.1,0.7,1.7,8.4,161367,440.89344262295083,5.8,96.17,12500000.0,SAC,61,25.9,-1.43,-2.85,-4.28,-1.12,,
180,193,Tyson Chandler,C,34,27.6,3.3,4.9,0.6709999999999999,0.0,0.0,,3.3,4.9,0.6709999999999999,0.6709999999999999,1.9,2.6,0.7340000000000001,3.3,8.2,11.5,0.6,0.7,0.5,1.4,2.7,8.4,334460,913.8251366120219,13.1,101.88,12415000.0,PHX,47,27.6,-1.06,2.2,1.14,3.55,29.0,9.0
181,194,Norman Powell,SG,23,18.0,3.0,6.7,0.449,0.7,2.3,0.324,2.3,4.4,0.514,0.504,1.7,2.1,0.792,0.3,1.9,2.2,1.1,0.7,0.2,0.9,1.7,8.4,97588,267.3643835616438,8.7,97.93,,TOR,76,18.0,-0.24,-1.01,-1.25,1.63,49.0,18.0
182,195,Troy Daniels,SG,25,17.7,2.8,7.4,0.374,2.1,5.3,0.389,0.7,2.1,0.336,0.513,0.6,0.8,0.7959999999999999,0.3,1.2,1.5,0.7,0.3,0.1,0.7,1.3,8.2,63399,173.22131147540983,6.5,95.85,3332940.0,MEM,67,17.7,-0.02,-2.1,-2.12,0.72,30.0,10.0
183,196,Joe Harris,SG,25,21.9,3.0,7.0,0.425,1.6,4.3,0.385,1.3,2.7,0.489,0.5429999999999999,0.7,0.9,0.7140000000000001,0.3,2.5,2.8,1.0,0.6,0.2,1.1,2.3,8.2,2548,6.980821917808219,6.1,105.53,,BKN,52,21.9,-2.46,-1.73,-4.19,-0.82,0.0,0.0
184,197,Willy Hernangomez,C,22,18.4,3.4,6.5,0.529,0.1,0.2,0.267,3.4,6.3,0.5379999999999999,0.5329999999999999,1.3,1.7,0.728,2.4,4.6,7.0,1.3,0.6,0.5,1.4,2.1,8.2,325,2.8508771929824563,13.3,99.12,1435750.0,NY,72,18.4,-0.75,0.4,-0.35,2.37,0.0,55.5
185,198,Caris LeVert,SF,22,21.7,3.0,6.7,0.45,1.0,3.2,0.321,2.0,3.4,0.5710000000000001,0.528,1.2,1.6,0.72,0.4,2.9,3.3,1.9,0.9,0.1,1.0,1.6,8.2,104435,285.3415300546448,8.6,104.52,1562280.0,BKN,57,21.7,-0.46,-0.84,-1.3,1.53,0.0,28.0
186,199,Shawn Long,C,24,13.0,3.4,6.1,0.56,0.4,1.1,0.368,3.0,5.0,0.6,0.5920000000000001,1.1,1.9,0.5429999999999999,2.3,2.4,4.7,0.7,0.5,0.5,0.7,2.7,8.2,12800,37.64705882352941,12.8,101.37,,PHI,18,13.0,-0.31,0.3,-0.01,0.47,,
187,200,Willie Cauley-Stein,C,23,18.9,3.4,6.4,0.53,0.0,0.0,0.0,3.4,6.4,0.532,0.53,1.3,2.0,0.669,1.1,3.4,4.5,1.1,0.7,0.6,0.9,2.0,8.1,194957,532.6693989071039,10.6,96.91,3551160.0,SAC,75,18.9,-2.07,0.9,-1.17,1.72,0.0,17.0
188,201,Al Jefferson,C,32,14.1,3.6,7.1,0.499,0.0,0.0,0.0,3.6,7.1,0.5,0.499,1.0,1.3,0.765,1.1,3.1,4.2,0.9,0.3,0.2,0.5,1.9,8.1,220767,603.188524590164,13.3,96.89,10314532.0,IND,66,14.1,-1.0,-0.45,-1.45,0.98,,
189,202,Ben McLemore,SG,23,19.3,3.0,6.9,0.43,1.1,2.8,0.382,1.9,4.1,0.462,0.507,1.1,1.5,0.753,0.3,1.8,2.1,0.8,0.5,0.1,1.0,1.8,8.1,121773,332.71311475409834,6.0,97.04,4008882.0,SAC,61,19.3,-2.88,-1.58,-4.46,-0.99,30.0,17.0
190,203,Tristan Thompson,C,25,29.9,3.4,5.6,0.6,0.0,0.0,0.0,3.4,5.6,0.604,0.6,1.4,2.7,0.498,3.7,5.5,9.2,1.0,0.5,1.1,0.8,2.3,8.1,955613,2610.964480874317,8.9,98.28,15330435.0,CLE,78,29.9,-1.31,1.31,0.0,4.62,368.0,211.0
191,204,Vince Carter,SF,40,24.6,2.6,6.7,0.39399999999999996,1.5,4.1,0.37799999999999995,1.1,2.7,0.418,0.508,1.2,1.6,0.765,0.5,2.6,3.1,1.8,0.8,0.5,0.7,2.2,8.0,1420828,3882.0437158469945,7.8,95.02,4264057.0,MEM,73,24.7,1.36,-0.06,1.3,4.81,0.0,7.0
192,205,Alex Len,C,23,20.3,3.0,6.0,0.49700000000000005,0.0,0.2,0.25,2.9,5.9,0.503,0.5,1.9,2.7,0.721,2.0,4.6,6.6,0.6,0.5,1.3,1.3,3.1,8.0,115907,316.6857923497268,9.5,103.52,4823621.0,PHX,77,20.3,-3.62,1.28,-2.34,0.81,10.5,6.0
193,206,D.J. Augustin,PG,29,19.7,2.5,6.6,0.377,1.2,3.5,0.34700000000000003,1.3,3.1,0.41200000000000003,0.469,1.7,2.1,0.8140000000000001,0.2,1.3,1.5,2.7,0.4,0.0,1.2,1.3,7.9,10311,28.172131147540984,8.0,97.4,7250000.0,ORL,78,19.7,-1.53,-3.4,-4.93,-1.74,,
194,207,Langston Galloway,PG,25,20.2,2.8,7.4,0.38,1.6,4.2,0.39,1.2,3.2,0.36700000000000005,0.49,0.7,0.9,0.797,0.4,1.7,2.1,1.3,0.6,0.1,0.6,1.3,7.9,80065,218.7568306010929,6.7,99.48,5200000.0,NO/SAC,74,20.2,0.1,-1.65,-1.55,1.46,14.5,2.0
195,208,Shelvin Mack,PG,26,21.9,3.1,6.9,0.446,0.7,2.2,0.308,2.4,4.7,0.51,0.495,1.0,1.4,0.688,0.4,1.9,2.3,2.8,0.8,0.1,1.6,1.8,7.8,73685,201.32513661202185,7.9,93.44,2433334.0,UTAH,55,21.9,-1.51,-1.28,-2.79,0.25,6.0,3.0
196,210,Rajon Rondo,PG,30,26.7,3.3,8.1,0.408,0.7,1.9,0.376,2.6,6.2,0.418,0.45299999999999996,0.4,0.7,0.6,1.1,4.1,5.1,6.7,1.4,0.2,2.4,2.1,7.8,857652,2343.311475409836,10.6,97.96,14000000.0,CHI,69,26.7,-1.35,-0.49,-1.84,1.51,185.5,74.0
197,211,Garrett Temple,SG,30,26.6,2.8,6.6,0.424,1.3,3.4,0.373,1.6,3.3,0.47600000000000003,0.519,0.9,1.1,0.784,0.5,2.3,2.8,2.6,1.3,0.4,1.2,2.2,7.8,51690,141.2295081967213,7.1,97.51,8000000.0,SAC,65,26.6,-0.14,-0.46,-0.6,2.67,2.0,1.0
198,212,Justin Holiday,SG,27,20.0,2.8,6.6,0.433,1.2,3.3,0.355,1.7,3.2,0.513,0.523,0.8,1.0,0.825,0.3,2.4,2.7,1.2,0.8,0.4,0.8,1.3,7.7,267602,731.1530054644809,9.2,98.65,,NY,82,20.0,-0.58,0.25,-0.33,2.87,,
199,213,Matthew Dellavedova,PG,26,26.1,2.7,7.0,0.39,1.0,2.8,0.36700000000000005,1.7,4.2,0.40399999999999997,0.46299999999999997,1.1,1.3,0.8540000000000001,0.3,1.6,1.9,4.7,0.7,0.0,1.8,2.0,7.6,639403,1747.0027322404371,6.6,97.5,9607500.0,MIL,76,26.1,-0.88,-1.01,-1.89,1.54,175.0,30.0
200,214,Luol Deng,SF,31,26.5,2.9,7.6,0.387,0.9,2.9,0.309,2.0,4.6,0.436,0.447,0.8,1.1,0.73,1.1,4.1,5.3,1.3,0.9,0.4,0.8,1.1,7.6,462975,1264.9590163934427,7.7,100.3,18000000.0,LAL,56,26.5,-1.87,1.54,-0.33,2.69,22.0,13.5
201,215,Andre Iguodala,SF,33,26.3,2.9,5.5,0.528,0.8,2.3,0.36200000000000004,2.0,3.1,0.6509999999999999,0.605,0.9,1.3,0.706,0.7,3.3,4.0,3.4,1.0,0.5,0.8,1.3,7.6,1180151,3224.4562841530055,10.2,101.92,11131368.0,GS,76,26.3,2.01,1.52,3.53,8.72,300.5,43.0
202,216,Manu Ginobili,SG,39,18.7,2.5,6.4,0.39,1.3,3.3,0.392,1.2,3.1,0.387,0.491,1.2,1.6,0.804,0.4,1.9,2.3,2.7,1.2,0.2,1.4,1.7,7.5,21613,59.05191256830601,8.7,100.94,14000000.0,SA,69,18.7,1.43,1.0,2.43,4.64,299.0,66.0
203,217,Iman Shumpert,SG,26,25.5,2.6,6.4,0.41100000000000003,1.2,3.4,0.36,1.4,3.0,0.469,0.507,0.9,1.2,0.789,0.5,2.4,2.9,1.4,0.8,0.4,1.0,2.0,7.5,739053,2019.2704918032787,5.5,97.99,9662922.0,CLE,76,25.5,-0.98,-0.16,-1.14,2.43,,
204,218,Ivica Zubac,C,19,16.0,3.3,6.3,0.529,0.0,0.1,0.0,3.3,6.2,0.536,0.529,0.8,1.3,0.653,1.1,3.1,4.2,0.8,0.4,0.9,0.8,1.7,7.5,157414,430.09289617486337,10.0,102.85,,LAL,38,16.0,-3.04,-0.26,-3.3,-0.07,5.0,43.0
205,219,Timofey Mozgov,C,30,20.4,3.1,6.1,0.515,0.0,0.0,0.0,3.1,6.1,0.517,0.515,1.2,1.4,0.8079999999999999,1.9,3.0,4.9,0.8,0.3,0.6,1.3,2.5,7.4,464045,1267.8825136612022,7.2,99.38,16000000.0,LAL,54,20.4,-4.02,0.93,-3.09,0.03,,
206,220,Isaiah Whitehead,PG,21,22.5,2.8,7.0,0.402,0.6,2.0,0.295,2.2,4.9,0.446,0.445,1.2,1.5,0.805,0.4,2.1,2.5,2.6,0.6,0.5,1.9,2.4,7.4,89286,243.95081967213116,5.2,102.31,,BKN,73,22.5,-1.95,-1.16,-3.11,0.02,,
207,221,Alan Williams,C,24,15.1,2.9,5.7,0.517,0.0,0.0,0.0,2.9,5.7,0.519,0.517,1.5,2.4,0.625,2.0,4.2,6.2,0.5,0.6,0.7,0.8,2.7,7.4,7764,21.21311475409836,12.7,102.8,,PHX,47,15.1,-0.94,1.49,0.55,1.75,1.0,7.0
208,222,Spencer Dinwiddie,PG,23,22.6,2.3,5.1,0.444,0.6,1.7,0.376,1.6,3.4,0.478,0.507,2.1,2.7,0.792,0.5,2.3,2.8,3.1,0.7,0.4,1.1,2.0,7.3,75764,207.0054644808743,8.7,101.2,,BKN,59,22.6,-0.8,0.31,-0.49,2.29,0.0,7.0
209,224,Danny Green,SG,29,26.6,2.6,6.6,0.392,1.7,4.6,0.379,0.9,2.0,0.42,0.523,0.4,0.5,0.8440000000000001,0.5,2.8,3.3,1.8,1.0,0.8,1.1,1.8,7.3,2525,6.917808219178082,6.9,94.47,10000000.0,SA,68,26.6,-0.45,1.71,1.26,4.83,0.0,15.0
210,225,David Lee,PF,33,18.7,3.1,5.3,0.59,0.0,0.0,,3.1,5.3,0.59,0.59,1.0,1.4,0.708,1.9,3.7,5.6,1.6,0.4,0.5,1.0,1.6,7.3,18660,50.98360655737705,12.6,98.36,1551659.0,SA,79,18.7,-0.38,1.5,1.12,3.98,56.5,35.0
211,226,Tyler Ulis,PG,21,18.4,3.0,7.2,0.42100000000000004,0.3,1.3,0.266,2.7,5.9,0.455,0.445,0.9,1.2,0.775,0.3,1.2,1.6,3.7,0.8,0.1,1.3,1.2,7.3,244932,669.2131147540983,9.5,103.45,,PHX,61,18.4,-2.03,-2.23,-4.26,-0.86,,
212,227,Thabo Sefolosha,SF,32,25.7,2.8,6.4,0.441,0.7,1.9,0.342,2.1,4.4,0.484,0.49200000000000005,0.9,1.2,0.733,0.9,3.5,4.4,1.7,1.5,0.5,0.9,1.6,7.2,151367,413.57103825136613,8.6,99.53,3850000.0,ATL,62,25.7,-1.93,2.27,0.34,3.55,28.5,17.5
213,228,Rodney Stuckey,PG,30,17.8,2.3,6.3,0.373,0.5,1.5,0.317,1.8,4.7,0.391,0.41200000000000003,2.1,2.7,0.748,0.2,2.0,2.2,2.2,0.4,0.0,1.4,1.1,7.2,63191,172.65300546448088,7.5,96.83,7000000.0,IND,39,17.8,-1.66,-0.91,-2.57,0.23,,
214,229,Justin Anderson,SF,23,16.4,2.5,5.9,0.424,0.8,2.6,0.299,1.7,3.3,0.522,0.49,1.4,1.7,0.7909999999999999,0.9,2.3,3.3,0.9,0.5,0.3,0.9,1.5,7.1,1850,5.068493150684931,9.1,97.35,1514160.0,DAL/PHI,75,16.4,-1.36,-2.54,-3.9,-0.59,5.0,10.0
215,230,Matt Barnes,SF,36,24.0,2.5,6.4,0.391,1.2,3.6,0.331,1.3,2.8,0.467,0.483,0.9,1.2,0.787,0.9,4.2,5.2,2.6,0.6,0.4,1.4,2.5,7.1,534343,1459.9535519125684,8.1,97.99,,GS/SAC,74,24.0,-1.18,-0.09,-1.27,2.07,50.0,7.0
216,231,Tim Frazier,PG,26,23.5,2.5,6.2,0.40299999999999997,0.6,2.0,0.313,1.9,4.2,0.446,0.45299999999999996,1.5,2.0,0.76,0.5,2.1,2.7,5.2,0.9,0.1,1.6,2.0,7.1,101707,277.8879781420765,8.4,99.84,2090000.0,NO,65,23.5,-0.73,-1.67,-2.4,0.7,,
217,232,Joe Ingles,SF,29,24.0,2.5,5.5,0.452,1.5,3.4,0.441,1.0,2.1,0.47100000000000003,0.589,0.6,0.8,0.735,0.3,2.9,3.2,2.7,1.2,0.1,1.3,2.0,7.1,131576,359.4972677595628,8.9,94.04,2150000.0,UTAH,82,24.0,2.29,0.26,2.55,6.68,86.5,4.0
218,233,Brandon Jennings,PG,27,22.2,2.4,6.6,0.359,1.0,3.1,0.313,1.4,3.5,0.39899999999999997,0.433,1.4,1.9,0.75,0.4,2.1,2.4,4.9,0.9,0.0,1.6,1.4,7.1,462348,1263.2459016393443,8.9,99.85,5000000.0,NY/WSH,81,22.2,0.25,-1.5,-1.25,2.15,,
219,234,Larry Nance Jr.,PF,24,22.9,3.0,5.7,0.526,0.2,0.6,0.278,2.9,5.2,0.5539999999999999,0.54,0.9,1.3,0.738,1.9,4.0,5.9,1.5,1.3,0.6,0.9,2.4,7.1,185943,519.3938547486033,10.1,101.0,,LAL,63,22.9,-1.26,2.16,0.9,3.79,,
220,235,Anthony Tolliver,PF,31,22.7,2.4,5.4,0.442,1.4,3.5,0.391,1.0,1.9,0.537,0.57,0.9,1.3,0.7440000000000001,0.8,2.9,3.6,1.2,0.5,0.3,0.9,1.7,7.1,57078,155.95081967213116,7.3,97.77,,SAC,65,22.7,-0.07,-0.97,-1.04,1.93,11.0,2.0
221,237,Josh Huestis,PF,25,15.5,3.0,5.5,0.545,1.0,2.0,0.5,2.0,3.5,0.5710000000000001,0.636,0.0,0.5,0.0,2.0,2.5,4.5,1.5,0.0,1.5,0.0,0.0,7.0,52364,143.07103825136613,13.7,108.61,,OKC,2,15.5,-1.97,0.83,-1.14,0.04,24.5,2.5
222,239,T.J. McConnell,PG,24,26.3,2.9,6.3,0.461,0.1,0.7,0.2,2.8,5.6,0.49200000000000005,0.47200000000000003,0.9,1.1,0.8109999999999999,0.5,2.6,3.1,6.6,1.7,0.1,2.0,1.7,6.9,983,2.824712643678161,10.7,102.22,,PHI,81,26.3,-1.32,0.23,-1.09,2.86,2.0,1.0
223,240,Ian Clark,SG,25,14.8,2.7,5.6,0.48700000000000004,0.8,2.1,0.374,1.9,3.5,0.556,0.5579999999999999,0.6,0.8,0.759,0.3,1.3,1.6,1.2,0.5,0.1,0.7,1.0,6.8,4564,12.469945355191257,9.2,100.62,,GS,77,14.8,-1.08,-1.82,-2.9,0.17,33.5,25.0
224,241,Jared Dudley,PF,31,21.3,2.5,5.4,0.45399999999999996,1.2,3.2,0.379,1.3,2.2,0.5589999999999999,0.565,0.7,1.0,0.662,0.5,3.0,3.5,1.9,0.7,0.3,1.1,2.4,6.8,99900,272.95081967213116,7.9,103.23,10470000.0,PHX,64,21.3,-0.67,1.89,1.22,3.94,31.0,4.0
225,243,Patrick Patterson,PF,27,24.6,2.4,5.9,0.401,1.4,3.9,0.37200000000000005,0.9,2.0,0.45799999999999996,0.523,0.7,0.9,0.7170000000000001,1.0,3.6,4.5,1.2,0.6,0.4,0.6,1.8,6.8,3707,10.128415300546449,7.5,97.3,6050000.0,TOR,65,24.6,1.05,1.26,2.31,5.4,53.5,8.0
226,244,Bobby Portis,PF,21,15.6,2.9,5.9,0.488,0.5,1.5,0.33299999999999996,2.4,4.4,0.541,0.531,0.6,0.9,0.6609999999999999,1.2,3.5,4.6,0.5,0.3,0.2,0.6,1.5,6.8,111318,304.1475409836066,11.0,97.38,1453680.0,CHI,64,15.6,-1.94,-0.5,-2.44,0.43,37.0,73.0
227,244,Bobby Portis,PF,21,15.6,2.9,5.9,0.488,0.5,1.5,0.33299999999999996,2.4,4.4,0.541,0.531,0.6,0.9,0.6609999999999999,1.2,3.5,4.6,0.5,0.3,0.2,0.6,1.5,6.8,111318,304.1475409836066,11.0,97.38,1516320.0,CHI,64,15.6,-1.94,-0.5,-2.44,0.43,37.0,73.0
228,246,Brandan Wright,PF,29,16.0,3.0,4.8,0.615,0.0,0.0,0.0,3.0,4.8,0.619,0.615,0.8,1.3,0.657,1.1,1.7,2.8,0.5,0.4,0.7,0.4,1.5,6.8,60792,166.0983606557377,11.6,93.54,5709880.0,MEM,28,16.0,-0.86,0.4,-0.46,0.71,0.0,6.0
229,247,Alec Burks,SG,25,15.5,2.4,5.9,0.39899999999999997,0.6,1.8,0.32899999999999996,1.8,4.1,0.43,0.45,1.4,1.9,0.769,0.4,2.5,2.9,0.7,0.4,0.1,0.8,1.2,6.7,44837,122.50546448087432,8.7,95.94,10154495.0,UTAH,42,15.5,-2.47,-0.94,-3.41,-0.12,10.0,15.0
230,249,Raymond Felton,PG,32,21.3,2.8,6.4,0.43,0.6,1.8,0.319,2.2,4.6,0.473,0.475,0.6,0.8,0.7809999999999999,0.4,2.3,2.7,2.4,0.8,0.3,1.0,1.6,6.7,161426,441.05464480874315,7.8,97.95,,LAC,80,21.3,-1.4,-0.88,-2.28,0.92,9.0,6.5
231,250,Devin Harris,PG,33,16.7,2.1,5.2,0.39899999999999997,0.9,2.7,0.32799999999999996,1.2,2.5,0.47600000000000003,0.484,1.6,2.0,0.8290000000000001,0.2,1.8,2.0,2.1,0.7,0.1,0.9,1.6,6.7,114904,313.94535519125685,9.5,95.46,4227996.0,DAL,65,16.7,0.38,0.32,0.7,2.58,,
232,251,Dwight Powell,C,25,17.3,2.5,4.9,0.515,0.3,1.0,0.284,2.2,3.9,0.5710000000000001,0.542,1.4,1.8,0.759,1.2,2.8,4.0,0.6,0.8,0.5,0.4,1.8,6.7,113626,310.4535519125683,10.7,93.78,8375000.0,DAL,77,17.3,-0.66,-0.51,-1.17,1.58,0.0,10.0
233,253,Jaylen Brown,SF,20,17.2,2.5,5.4,0.45399999999999996,0.6,1.7,0.341,1.9,3.7,0.507,0.508,1.1,1.6,0.685,0.6,2.2,2.8,0.8,0.4,0.2,0.9,1.8,6.6,308763,843.6147540983607,7.1,99.02,4743000.0,BOS,78,17.2,-2.95,-0.42,-3.37,-0.21,0.0,100.0
234,254,Michael Carter-Williams,PG,25,18.8,2.5,6.8,0.366,0.3,1.4,0.23399999999999999,2.2,5.4,0.401,0.391,1.3,1.7,0.753,0.5,2.9,3.4,2.5,0.8,0.5,1.5,2.3,6.6,339425,927.3907103825137,7.0,98.47,3183526.0,CHI,45,18.8,-2.82,1.12,-1.7,0.77,0.0,5.0
235,255,Dante Cunningham,SF,29,25.0,2.6,5.4,0.485,1.1,2.7,0.392,1.6,2.7,0.579,0.584,0.2,0.4,0.593,0.8,3.3,4.2,0.6,0.6,0.4,0.4,1.5,6.6,48805,133.34699453551912,6.8,99.77,2978250.0,NO,66,25.0,-0.37,-0.56,-0.93,2.29,0.0,3.0
236,256,Kosta Koufos,C,27,20.0,3.0,5.5,0.551,0.0,0.0,0.0,3.0,5.5,0.552,0.551,0.5,0.9,0.613,1.7,4.0,5.7,0.7,0.5,0.7,0.9,2.4,6.6,82375,225.06830601092895,9.3,96.17,8046500.0,SAC,71,20.0,-2.78,2.83,0.05,2.79,37.0,8.0
237,257,Andre Roberson,SF,25,30.1,2.7,5.9,0.46399999999999997,0.6,2.3,0.245,2.2,3.5,0.609,0.513,0.6,1.4,0.423,1.2,3.9,5.1,1.0,1.2,1.0,0.6,2.6,6.6,3697,10.101092896174864,5.9,101.08,2183072.0,OKC,79,30.1,-1.4,2.64,1.24,6.73,10.0,8.0
238,259,Sam Dekker,SF,22,18.4,2.6,5.6,0.473,0.8,2.4,0.321,1.9,3.1,0.591,0.5429999999999999,0.5,0.9,0.5589999999999999,1.2,2.5,3.7,1.0,0.5,0.3,0.5,1.1,6.5,179946,491.655737704918,8.7,102.25,1720560.0,HOU,77,18.4,0.05,-1.42,-1.37,1.64,139.0,13.0
239,260,Amir Johnson,PF,29,20.1,2.7,4.6,0.5760000000000001,0.3,0.8,0.409,2.3,3.8,0.612,0.612,0.8,1.3,0.67,1.5,3.1,4.6,1.8,0.6,0.8,1.0,2.6,6.5,136077,371.7950819672131,9.1,97.94,12000000.0,BOS,80,20.1,0.22,3.58,3.8,7.02,31.5,6.0
240,261,Darrell Arthur,PF,28,15.6,2.3,5.2,0.442,1.3,2.9,0.45299999999999996,1.0,2.4,0.429,0.565,0.5,0.5,0.8640000000000001,0.6,2.1,2.7,1.0,0.5,0.5,0.9,1.9,6.4,42364,115.74863387978142,7.7,99.85,8070175.0,DEN,41,15.6,-0.91,0.2,-0.71,0.99,,
241,262,Timothe Luwawu-Cabarrot,SF,21,17.2,2.1,5.2,0.402,0.7,2.3,0.311,1.4,2.9,0.475,0.47100000000000003,1.5,1.8,0.8540000000000001,0.4,1.8,2.2,1.1,0.5,0.1,1.1,2.2,6.4,96,1.1428571428571428,5.3,101.64,1386600.0,PHI,69,17.2,-2.27,0.57,-1.7,1.11,,
242,263,Rodney McGruder,SG,25,25.2,2.4,5.9,0.413,0.9,2.8,0.332,1.5,3.1,0.488,0.49200000000000005,0.6,0.9,0.62,1.2,2.1,3.3,1.6,0.6,0.2,0.7,1.8,6.4,41573,113.58743169398907,5.6,96.98,,MIA,78,25.2,-0.58,-0.9,-1.48,2.04,,
243,264,Mirza Teletovic,PF,31,16.2,2.2,6.0,0.373,1.5,4.4,0.341,0.7,1.6,0.46,0.498,0.5,0.6,0.778,0.2,2.2,2.3,0.7,0.2,0.2,0.5,1.6,6.4,1488,4.144846796657381,6.1,96.72,10500000.0,MIL,70,16.2,-1.05,-0.44,-1.49,1.16,,
244,265,Leandro Barbosa,SG,34,14.4,2.6,5.9,0.439,0.5,1.5,0.35700000000000004,2.0,4.4,0.466,0.483,0.6,0.7,0.889,0.2,1.3,1.6,1.2,0.5,0.1,0.7,1.2,6.3,511522,1397.6010928961748,8.3,101.15,4000000.0,PHX,67,14.4,-1.5,-1.5,-3.0,0.08,,
245,266,Mindaugas Kuzminskas,SF,27,14.9,2.3,5.4,0.428,0.8,2.5,0.321,1.5,3.0,0.517,0.501,0.8,1.0,0.809,0.7,1.2,1.9,1.0,0.4,0.2,0.8,1.2,6.3,127396,348.07650273224044,7.5,99.41,2898000.0,NY,68,14.9,-0.8,-1.2,-2.0,0.72,,
246,267,Kyle O'Quinn,C,26,15.6,2.7,5.2,0.521,0.0,0.2,0.11800000000000001,2.7,5.0,0.5379999999999999,0.523,0.8,1.1,0.7709999999999999,2.0,3.6,5.6,1.5,0.5,1.3,1.0,2.2,6.3,91544,250.12021857923497,13.2,97.82,3918750.0,NY,79,15.6,-1.28,1.16,-0.12,2.31,0.0,7.0
247,269,Nemanja Bjelica,PF,28,18.3,2.3,5.5,0.424,0.9,2.7,0.316,1.5,2.8,0.531,0.503,0.7,0.9,0.738,0.9,2.9,3.8,1.2,0.6,0.3,0.9,2.4,6.2,89783,245.3087431693989,7.8,97.32,3800000.0,MIN,65,18.3,-0.71,1.94,1.23,3.24,,
248,270,Dante Exum,PG,21,18.6,2.3,5.5,0.42700000000000005,0.7,2.3,0.295,1.7,3.2,0.519,0.488,0.9,1.1,0.795,0.5,1.5,2.0,1.7,0.3,0.2,1.2,2.2,6.2,208543,569.7896174863388,5.4,94.42,3940320.0,UTAH,66,18.6,-2.14,-0.65,-2.79,0.25,48.5,28.0
249,272,Spencer Hawes,PF,28,14.8,2.5,5.1,0.484,0.5,1.5,0.309,2.0,3.6,0.556,0.529,0.8,1.0,0.846,0.7,2.8,3.5,1.5,0.3,0.6,0.9,1.4,6.2,93629,255.8169398907104,10.9,100.06,6348759.0,MIL/CHA,54,14.8,-2.13,-0.87,-3.0,0.06,12.0,4.0
250,273,Trey Lyles,PF,21,16.3,2.2,6.2,0.36200000000000004,0.9,2.9,0.319,1.3,3.3,0.4,0.436,0.8,1.1,0.722,0.7,2.6,3.3,1.0,0.4,0.3,0.9,1.4,6.2,157163,429.40710382513663,7.6,94.43,2340600.0,UTAH,71,16.3,-2.48,-0.23,-2.71,0.29,48.0,12.0
251,274,Mike Muscala,C,25,17.7,2.4,4.8,0.504,0.7,1.6,0.418,1.8,3.2,0.546,0.573,0.7,0.9,0.7659999999999999,1.1,2.3,3.4,1.4,0.4,0.6,0.8,1.4,6.2,54578,149.12021857923497,9.7,99.78,,ATL,70,17.7,-0.02,-0.36,-0.38,2.11,,
252,275,Chandler Parsons,SF,28,19.9,2.2,6.5,0.33799999999999997,0.7,2.7,0.26899999999999996,1.5,3.8,0.38799999999999996,0.39399999999999996,1.0,1.3,0.8140000000000001,0.2,2.3,2.5,1.6,0.6,0.1,0.7,1.5,6.2,305209,833.9043715846994,5.6,94.04,22116750.0,MEM,34,19.9,-3.51,-0.33,-3.84,-0.29,59.0,16.0
253,276,Ramon Sessions,PG,30,16.2,2.0,5.3,0.38,0.4,1.2,0.33899999999999997,1.6,4.0,0.39299999999999996,0.42,1.8,2.4,0.7709999999999999,0.2,1.2,1.5,2.6,0.5,0.1,0.9,0.9,6.2,75682,206.78142076502732,7.9,99.63,6000000.0,CHA,50,16.2,-1.65,-1.4,-3.05,0.04,,
254,277,Jonathon Simmons,SG,27,17.8,2.3,5.4,0.42,0.4,1.3,0.294,1.9,4.1,0.461,0.456,1.3,1.7,0.75,0.3,1.8,2.1,1.6,0.6,0.3,1.0,1.9,6.2,322785,881.9262295081967,6.7,97.59,,SA,78,17.8,-2.03,1.12,-0.91,1.94,58.0,40.0
255,278,Troy Williams,SF,22,18.6,2.4,5.6,0.43700000000000006,0.6,2.1,0.29,1.8,3.5,0.524,0.491,0.7,1.1,0.6559999999999999,0.5,1.8,2.3,0.8,0.9,0.3,1.1,2.0,6.2,45013,122.98633879781421,5.5,98.77,1575133.0,HOU/MEM,30,18.6,-3.06,-0.45,-3.51,-0.14,5.0,9.0
256,279,Luc Mbah a Moute,SF,30,22.3,2.4,4.7,0.505,0.5,1.4,0.391,1.9,3.4,0.552,0.562,0.7,1.1,0.6779999999999999,0.6,1.6,2.1,0.5,1.0,0.4,0.6,1.5,6.1,138329,377.948087431694,5.6,98.35,2203000.0,LAC,80,22.3,-1.56,2.32,0.76,4.43,,
257,280,JaVale McGee,C,29,9.6,2.7,4.1,0.652,0.0,0.0,0.0,2.7,4.1,0.6579999999999999,0.652,0.7,1.4,0.505,1.3,1.9,3.2,0.2,0.2,0.9,0.5,1.4,6.1,505163,1380.2267759562842,12.5,105.1,1403611.0,GS,77,9.6,0.83,0.11,0.94,2.04,0.0,32.0
258,281,Zaza Pachulia,C,32,18.1,2.3,4.4,0.534,0.0,0.0,0.0,2.3,4.4,0.5379999999999999,0.534,1.4,1.8,0.778,2.0,3.9,5.9,1.9,0.8,0.5,1.2,2.4,6.1,433189,1183.5765027322404,10.0,102.91,,GS,70,18.1,-0.31,3.23,2.92,5.12,141.5,34.0
259,283,Derrick Williams,PF,25,16.1,2.2,4.9,0.44299999999999995,0.6,1.9,0.309,1.6,2.9,0.531,0.504,1.2,1.8,0.652,0.4,2.2,2.6,0.6,0.3,0.1,0.6,1.2,6.1,3555,9.71311475409836,7.4,96.49,,CLE/MIA,50,16.1,-2.66,-1.25,-3.91,-0.4,,
260,284,Alex Abrines,SG,23,15.5,2.0,5.0,0.39299999999999996,1.4,3.6,0.381,0.6,1.4,0.426,0.531,0.6,0.7,0.898,0.3,1.0,1.3,0.6,0.5,0.1,0.5,1.7,6.0,3042,8.311475409836065,5.2,101.04,5994764.0,OKC,68,15.5,0.13,-2.25,-2.12,0.69,,
261,285,Bismack Biyombo,C,24,22.1,2.2,4.2,0.528,0.0,0.0,,2.2,4.2,0.528,0.528,1.5,2.9,0.534,1.9,5.1,7.0,0.9,0.3,1.1,1.2,2.5,6.0,838919,2292.1284153005463,8.7,96.83,17000000.0,ORL,81,22.1,-3.33,0.77,-2.56,0.63,,
262,288,Lance Thomas,PF,28,21.0,2.1,5.3,0.39799999999999996,0.8,1.8,0.447,1.3,3.5,0.371,0.475,0.9,1.1,0.843,0.7,2.4,3.1,0.8,0.5,0.1,0.5,1.8,6.0,101028,276.0327868852459,5.5,98.29,6191000.0,NY,46,21.0,-2.87,-1.73,-4.6,-0.91,,
263,289,Jerian Grant,PG,24,16.3,2.0,4.8,0.425,0.8,2.1,0.366,1.3,2.7,0.473,0.507,1.0,1.2,0.89,0.3,1.5,1.8,1.9,0.7,0.1,0.7,1.5,5.9,248859,679.9426229508197,8.4,97.0,1643040.0,CHI,63,16.3,0.5,1.07,1.57,3.03,25.0,32.5
264,290,Andrew Harrison,PG,22,20.5,1.6,5.0,0.325,0.6,2.2,0.276,1.0,2.8,0.363,0.385,2.1,2.7,0.763,0.3,1.6,1.9,2.8,0.7,0.3,1.2,2.7,5.9,2177,5.948087431693989,5.3,94.76,1312611.0,MEM,72,20.5,-1.2,-0.38,-1.58,1.38,0.0,17.0
265,291,Domantas Sabonis,PF,20,20.1,2.4,5.9,0.39899999999999997,0.6,2.0,0.321,1.7,4.0,0.43799999999999994,0.452,0.5,0.8,0.657,0.6,3.0,3.6,1.0,0.5,0.4,1.0,2.5,5.9,489970,1338.7158469945355,4.9,99.61,2440200.0,OKC,81,20.1,-3.9,1.86,-2.04,1.14,0.0,82.0
266,292,Quincy Acy,PF,26,14.7,1.8,4.5,0.41200000000000003,1.0,2.4,0.41100000000000003,0.9,2.1,0.413,0.521,1.2,1.6,0.75,0.5,2.5,3.0,0.5,0.4,0.4,0.6,1.8,5.8,84232,230.14207650273224,8.3,101.09,1790092.0,DAL/BKN,38,14.7,-2.38,-0.21,-2.59,0.01,4.0,4.0
267,293,Beno Udrih,PG,34,14.4,2.4,5.1,0.467,0.3,0.8,0.344,2.1,4.2,0.491,0.495,0.8,0.9,0.941,0.2,1.3,1.5,3.4,0.3,0.0,0.9,0.7,5.8,85194,232.7704918032787,13.0,95.46,,DET,39,14.4,-0.39,0.13,-0.26,0.98,5.0,8.5
268,294,Tarik Black,C,25,16.3,2.2,4.4,0.51,0.0,0.0,0.5,2.2,4.4,0.51,0.512,1.2,1.6,0.752,2.1,3.0,5.1,0.6,0.4,0.7,0.9,2.6,5.7,91096,248.89617486338798,8.5,100.72,6191000.0,LAL,67,16.3,-2.5,1.96,-0.54,1.81,,
269,295,Richard Jefferson,SF,36,20.4,1.9,4.3,0.446,0.8,2.4,0.33299999999999996,1.2,2.0,0.58,0.536,1.0,1.4,0.741,0.4,2.2,2.6,1.0,0.3,0.1,0.7,1.9,5.7,1080208,2951.3879781420765,5.3,98.11,,CLE,79,20.4,-1.16,-0.48,-1.64,1.51,,
270,298,Brandon Bass,PF,31,11.1,2.1,3.6,0.575,0.0,0.1,0.33299999999999996,2.0,3.5,0.579,0.578,1.5,1.7,0.875,0.8,1.7,2.5,0.4,0.3,0.2,0.6,0.9,5.6,98525,269.19398907103823,12.2,96.53,,LAC,52,11.1,-1.06,-1.59,-2.65,0.17,,
271,299,Quinn Cook,PG,23,13.4,2.4,4.7,0.5,0.8,1.9,0.423,1.6,2.9,0.55,0.583,0.1,0.4,0.4,0.1,0.4,0.5,1.9,0.3,0.0,0.9,0.9,5.6,126245,344.93169398907105,6.8,96.78,,NO/DAL,14,13.4,-1.44,-1.38,-2.82,0.01,,
272,300,Gerald Green,SF,31,11.4,2.0,4.9,0.409,0.8,2.4,0.35100000000000003,1.2,2.6,0.46299999999999997,0.494,0.7,0.9,0.805,0.3,1.4,1.8,0.7,0.2,0.1,0.5,1.0,5.6,298193,814.7349726775956,8.1,98.76,,BOS,47,11.4,-1.27,-1.47,-2.74,0.13,,
273,301,Ian Mahinmi,C,30,17.9,2.1,3.6,0.586,0.0,0.0,,2.1,3.6,0.586,0.586,1.4,2.4,0.573,1.5,3.3,4.8,0.6,1.1,0.8,1.1,2.9,5.6,86347,235.9207650273224,8.2,98.9,15944154.0,WSH,31,17.9,-2.22,3.11,0.89,1.44,10.0,5.0
274,302,Georgios Papagiannis,C,19,16.1,2.5,4.6,0.5489999999999999,0.0,0.1,0.0,2.5,4.5,0.56,0.5489999999999999,0.5,0.6,0.857,1.1,2.8,3.9,0.9,0.1,0.8,1.1,2.0,5.6,115978,316.879781420765,8.2,96.93,2202240.0,SAC,22,16.1,-2.47,-0.3,-2.77,0.08,7.0,3.0
275,303,Delon Wright,PG,24,16.5,1.8,4.3,0.42200000000000004,0.4,1.1,0.33299999999999996,1.4,3.2,0.45299999999999996,0.466,1.6,2.0,0.764,0.6,1.2,1.8,2.1,1.0,0.4,0.9,1.1,5.6,95785,261.70765027322403,10.5,94.48,1577280.0,TOR,27,16.5,-1.28,0.98,-0.3,0.77,11.5,14.0
276,304,Jerami Grant,SF,22,19.1,1.9,4.1,0.46299999999999997,0.5,1.5,0.371,1.4,2.7,0.514,0.529,1.1,1.8,0.612,0.5,2.1,2.6,0.6,0.4,1.0,0.6,1.9,5.5,172823,472.19398907103823,5.8,100.42,,PHI/OKC,80,19.1,-2.42,-2.29,-4.71,-1.56,9.0,3.0
277,305,Boban Marjanovic,C,28,8.4,2.1,3.8,0.545,0.0,0.0,,2.1,3.8,0.545,0.545,1.3,1.7,0.81,1.3,2.4,3.7,0.3,0.2,0.3,0.3,0.7,5.5,3760,10.415512465373961,19.6,97.2,7000000.0,DET,35,8.4,-0.24,1.66,1.42,0.82,,
278,306,Anthony Morrow,SG,31,14.6,2.0,5.1,0.389,0.8,2.7,0.308,1.2,2.4,0.479,0.47,0.7,0.8,0.919,0.2,0.4,0.6,0.5,0.5,0.0,0.1,0.9,5.5,97843,267.3306010928962,5.5,99.75,3488000.0,CHI/OKC,49,14.6,-0.66,-1.46,-2.12,0.46,0.0,5.0
279,307,Terry Rozier,PG,22,17.1,2.0,5.6,0.36700000000000005,0.8,2.4,0.318,1.3,3.1,0.405,0.43700000000000006,0.7,0.9,0.773,0.5,2.5,3.1,1.8,0.6,0.1,0.6,0.9,5.5,97465,266.2978142076503,9.1,98.27,1906440.0,BOS,74,17.1,-1.05,-0.01,-1.06,1.65,2.0,6.0
280,308,Paul Zipser,SF,22,19.2,2.0,5.0,0.39799999999999996,0.8,2.3,0.33299999999999996,1.3,2.8,0.451,0.473,0.7,0.9,0.775,0.3,2.5,2.8,0.8,0.3,0.4,0.9,1.8,5.5,69481,189.83879781420765,5.0,97.93,,CHI,44,19.2,-3.37,-0.19,-3.56,-0.23,,
281,309,Malcolm Delaney,PG,27,17.1,2.0,5.3,0.374,0.4,1.5,0.23600000000000002,1.6,3.8,0.428,0.40700000000000003,1.0,1.3,0.8059999999999999,0.1,1.5,1.7,2.6,0.5,0.0,1.3,1.5,5.4,106111,289.92076502732243,6.4,98.7,2500000.0,ATL,73,17.1,-2.64,-0.25,-2.89,0.18,1.0,1.0
282,310,Joffrey Lauvergne,PF-C,25,14.0,2.1,4.8,0.44,0.5,1.4,0.337,1.6,3.4,0.483,0.49,0.7,1.0,0.63,1.0,2.6,3.6,1.0,0.4,0.1,0.8,1.2,5.4,84430,230.6830601092896,9.4,98.86,1709719.0,CHI/OKC,70,14.0,-1.22,-1.27,-2.49,0.39,,
283,310,Joffrey Lauvergne,PF-C,25,14.0,2.1,4.8,0.44,0.5,1.4,0.337,1.6,3.4,0.483,0.49,0.7,1.0,0.63,1.0,2.6,3.6,1.0,0.4,0.1,0.8,1.2,5.4,84430,230.6830601092896,9.4,98.86,1524305.0,CHI/OKC,70,14.0,-1.22,-1.27,-2.49,0.39,,
284,311,Meyers Leonard,PF,24,16.5,2.0,5.1,0.386,1.0,2.9,0.34700000000000003,1.0,2.2,0.436,0.484,0.5,0.5,0.875,0.4,2.8,3.2,1.0,0.2,0.4,0.5,2.3,5.4,148197,404.90983606557376,6.1,99.44,9213483.0,POR,74,16.5,-1.5,0.26,-1.24,1.48,149.0,31.0
285,312,Alexis Ajinca,C,28,15.0,2.3,4.6,0.5,0.0,0.1,0.0,2.3,4.5,0.511,0.5,0.7,1.0,0.725,1.2,3.4,4.5,0.3,0.5,0.6,0.8,2.0,5.3,1799,4.915300546448087,8.8,100.43,4638203.0,NO,39,15.0,-3.17,1.64,-1.53,0.6,,
286,314,Chasson Randle,PG,23,11.5,1.5,3.8,0.408,0.6,1.8,0.34,0.9,2.0,0.47100000000000003,0.49,1.6,1.7,0.953,0.2,1.0,1.2,1.3,0.3,0.1,0.7,1.5,5.3,47492,129.75956284153006,8.4,98.49,1312611.0,NY/PHI,26,11.5,-0.74,-1.36,-2.1,0.2,13.5,7.0
287,315,Willie Reed,C,26,14.5,2.3,4.0,0.568,0.0,0.1,0.25,2.3,4.0,0.573,0.57,0.7,1.2,0.557,1.8,2.9,4.7,0.4,0.3,0.7,0.4,1.9,5.3,63413,173.25956284153006,10.8,98.26,,MIA,71,14.5,-2.42,1.25,-1.17,1.28,,
288,316,Omri Casspi,SF,28,17.9,2.1,4.6,0.47,0.4,1.2,0.349,1.7,3.4,0.512,0.515,0.5,0.8,0.586,0.8,2.4,3.1,1.0,0.6,0.1,0.8,1.4,5.2,98865,270.12295081967216,6.9,98.23,,NO/MIN/SAC,36,17.9,-2.35,0.05,-2.3,0.22,24.0,7.0
289,317,Mike Dunleavy,SF,36,15.9,1.8,4.2,0.423,1.0,2.5,0.396,0.8,1.6,0.465,0.5429999999999999,0.7,0.8,0.8,0.3,1.8,2.2,0.9,0.3,0.1,0.5,1.3,5.2,2880,7.933884297520661,7.7,98.53,4837500.0,ATL/CLE,53,15.9,-2.26,0.05,-2.21,0.49,,
290,318,Randy Foye,SG,33,18.6,1.7,4.7,0.363,1.0,2.9,0.33,0.7,1.8,0.418,0.466,0.8,0.9,0.857,0.1,2.1,2.2,2.0,0.5,0.1,1.2,1.4,5.2,172759,472.0191256830601,5.7,103.71,2500000.0,BKN,69,18.6,-2.7,-1.42,-4.12,-0.85,2.0,4.0
291,319,Cameron Payne,PG,22,14.9,2.1,6.2,0.332,0.9,2.8,0.314,1.2,3.5,0.34600000000000003,0.402,0.2,0.3,0.625,0.1,1.5,1.5,1.8,0.5,0.1,0.9,1.7,5.2,213458,583.2185792349727,4.1,98.86,2112480.0,CHI/OKC,31,14.9,-4.14,-0.31,-4.45,-0.39,38.5,21.0
292,320,Dewayne Dedmon,C,27,17.5,2.1,3.4,0.622,0.0,0.0,,2.1,3.4,0.622,0.622,0.9,1.2,0.6990000000000001,1.7,4.8,6.5,0.6,0.5,0.8,0.8,2.4,5.1,99373,271.5109289617486,12.4,95.97,2898000.0,SA,76,17.5,-1.63,3.94,2.31,4.49,,
293,321,Cheick Diallo,PF,20,11.7,2.1,4.5,0.474,0.0,0.0,,2.1,4.5,0.474,0.474,0.9,1.2,0.7140000000000001,1.4,2.9,4.3,0.2,0.2,0.4,0.4,1.0,5.1,101222,276.56284153005464,11.3,101.07,,NO,17,11.7,-2.54,-0.85,-3.39,-0.03,,
294,322,Shaun Livingston,PG,31,17.7,2.3,4.2,0.547,0.0,0.0,0.33299999999999996,2.3,4.1,0.55,0.5489999999999999,0.6,0.8,0.7,0.4,1.6,2.0,1.8,0.5,0.3,0.8,1.6,5.1,1007061,2751.532786885246,7.3,98.4,5782450.0,GS,76,17.7,-2.55,-0.19,-2.74,0.33,,
295,323,Luis Scola,PF,36,12.8,2.0,4.2,0.47,0.5,1.4,0.34,1.5,2.8,0.535,0.526,0.7,1.0,0.6759999999999999,1.4,2.4,3.9,1.0,0.4,0.1,0.9,1.8,5.1,249480,681.639344262295,8.9,102.58,5500000.0,BKN,36,12.8,-0.8,-0.29,-1.09,0.62,16.0,60.0
296,324,Wayne Selden,SG,22,16.9,1.8,4.1,0.431,0.5,2.0,0.25,1.3,2.1,0.6,0.491,1.0,1.6,0.636,0.1,1.1,1.1,0.9,0.4,0.1,0.9,1.3,5.1,2659,7.53257790368272,4.4,94.78,1312611.0,NO/MEM,14,16.9,-2.44,-0.28,-2.72,0.06,,
297,325,Hollis Thompson,SG,25,18.8,1.9,5.0,0.385,0.8,2.4,0.337,1.1,2.6,0.429,0.465,0.5,0.7,0.655,0.5,2.3,2.8,0.9,0.5,0.2,0.3,1.7,5.1,33448,91.3879781420765,5.8,98.46,,NO/PHI,40,18.8,-0.82,-1.23,-2.05,0.38,,
298,326,Denzel Valentine,SG,23,17.1,1.8,5.1,0.354,1.3,3.6,0.35100000000000003,0.5,1.4,0.363,0.48100000000000004,0.2,0.3,0.778,0.2,2.5,2.6,1.1,0.5,0.1,0.9,1.5,5.1,303461,829.1284153005464,5.8,97.94,2092200.0,CHI,57,17.1,-2.21,0.13,-2.08,0.64,23.0,24.0
299,327,Anthony Bennett,PF,23,11.5,1.7,4.0,0.413,0.6,2.1,0.271,1.1,1.9,0.568,0.484,1.1,1.6,0.722,1.1,2.3,3.4,0.5,0.2,0.1,0.5,0.8,5.0,9388,25.650273224043715,9.4,104.03,1015696.0,BKN,23,11.5,-0.76,-1.29,-2.05,0.19,9.0,10.5
300,328,Aaron Brooks,PG,32,13.8,1.9,4.6,0.40299999999999997,0.7,2.0,0.375,1.1,2.6,0.424,0.483,0.5,0.6,0.8,0.3,0.8,1.1,1.9,0.4,0.1,1.0,1.4,5.0,4083,11.155737704918034,6.2,96.55,2700000.0,IND,65,13.8,-1.81,-1.47,-3.28,-0.09,1.0,3.0
301,329,Trey Burke,PG,24,12.3,2.0,4.5,0.455,0.5,1.2,0.44299999999999995,1.5,3.2,0.45899999999999996,0.516,0.4,0.5,0.759,0.1,0.7,0.8,1.8,0.2,0.1,0.8,0.9,5.0,192548,526.0874316939891,8.1,96.37,3386598.0,WSH,57,12.3,-2.15,-3.09,-5.24,-0.92,41.0,14.0
302,330,Joakim Noah,C,31,22.1,2.2,4.4,0.49,0.0,0.0,0.0,2.2,4.4,0.493,0.49,0.7,1.7,0.436,3.5,5.2,8.8,2.2,0.7,0.8,1.3,2.8,5.0,730687,1996.4125683060108,9.4,98.45,17000000.0,NY,46,22.1,-2.23,1.17,-1.06,1.32,0.0,87.0
303,331,Thomas Robinson,PF,25,11.7,2.2,4.1,0.536,0.0,0.0,0.0,2.2,4.1,0.5379999999999999,0.536,0.6,1.4,0.47,1.8,2.9,4.6,0.6,0.5,0.2,1.0,1.6,5.0,9693,26.483606557377048,11.4,99.31,,LAL,48,11.7,-1.68,-0.66,-2.34,0.28,15.0,6.0
304,332,Aron Baynes,C,30,15.5,1.9,3.7,0.513,0.0,0.0,,1.9,3.7,0.513,0.513,1.1,1.3,0.84,1.5,3.0,4.4,0.4,0.2,0.5,0.7,2.2,4.9,173607,474.3360655737705,8.5,97.23,6500000.0,DET,75,15.5,-2.45,2.93,0.48,2.63,,
305,335,Mario Hezonja,SF,21,14.8,1.8,5.1,0.355,0.7,2.2,0.299,1.1,2.9,0.39799999999999996,0.42,0.6,0.8,0.8,0.3,1.9,2.2,1.0,0.5,0.2,0.9,1.1,4.9,168320,459.89071038251365,5.9,97.48,3909840.0,ORL,65,14.8,-4.4,-2.2,-6.6,-2.09,272.0,207.0
306,336,Josh McRoberts,PF,29,17.3,2.0,5.4,0.373,0.6,1.4,0.419,1.4,4.0,0.35600000000000004,0.428,0.3,0.4,0.667,1.0,2.3,3.4,2.3,0.5,0.2,1.0,1.4,4.9,95887,261.9863387978142,7.1,93.81,5782450.0,MIA,22,17.3,-2.87,-0.01,-2.88,0.06,,
307,337,Tiago Splitter,C,32,9.5,1.8,3.9,0.452,0.3,0.8,0.33299999999999996,1.5,3.1,0.48,0.484,1.1,1.4,0.818,1.0,1.8,2.8,0.5,0.1,0.1,0.8,1.0,4.9,113143,309.1338797814208,10.6,99.11,8550000.0,PHI,8,9.5,-1.97,0.69,-1.28,0.09,8.0,9.0
308,338,Luke Babbitt,SF,27,15.7,1.7,4.1,0.402,1.3,3.1,0.414,0.4,1.0,0.366,0.557,0.2,0.2,0.733,0.2,1.9,2.1,0.5,0.3,0.2,0.4,1.7,4.8,79442,217.05464480874318,5.4,97.22,,MIA,68,15.7,-0.64,1.24,0.6,2.5,,
309,339,Jarell Eddie,SF,25,12.4,1.2,3.8,0.316,0.8,3.2,0.25,0.4,0.6,0.667,0.42100000000000004,1.6,1.8,0.889,0.2,1.2,1.4,0.0,0.2,0.0,0.2,0.2,4.8,24132,65.93442622950819,8.2,109.87,57672.0,PHX,5,12.4,-2.31,0.62,-1.69,0.06,,
310,340,Cristiano Felicio,C,24,15.8,1.9,3.3,0.579,0.0,0.0,,1.9,3.3,0.579,0.579,0.9,1.4,0.645,1.9,2.8,4.7,0.6,0.4,0.3,0.5,1.7,4.8,5348,14.692307692307692,10.0,97.27,,CHI,66,15.8,-1.55,0.39,-1.16,1.28,,
311,341,Kevin Seraphin,PF,27,11.4,2.2,4.0,0.551,0.0,0.0,0.0,2.2,4.0,0.556,0.551,0.3,0.4,0.636,0.8,2.1,2.9,0.5,0.1,0.4,0.6,1.3,4.7,6717,18.352459016393443,9.5,96.87,1800000.0,IND,49,11.4,-2.94,-1.07,-4.01,-0.31,4.5,8.0
312,342,Isaiah Canaan,SG,25,15.2,1.6,4.4,0.364,0.6,2.4,0.266,1.0,2.0,0.48100000000000004,0.436,0.8,0.8,0.909,0.2,1.1,1.3,0.9,0.6,0.0,0.5,0.9,4.6,97905,267.5,5.6,96.46,1015696.0,CHI,39,15.2,-3.0,-1.12,-4.12,-0.37,24.5,8.0
313,343,Boris Diaw,PF,34,17.6,2.0,4.5,0.446,0.3,1.1,0.247,1.7,3.4,0.512,0.47700000000000004,0.4,0.5,0.743,0.6,1.5,2.2,2.3,0.2,0.1,1.2,1.1,4.6,254387,695.0464480874317,7.1,93.08,7000000.0,UTAH,73,17.6,-2.58,-0.5,-3.08,0.03,136.5,13.0
314,344,Roy Hibbert,C,30,14.2,1.7,3.1,0.544,0.0,0.0,,1.7,3.1,0.544,0.544,1.3,1.6,0.813,1.1,2.0,3.2,0.4,0.2,1.0,0.7,2.1,4.6,278703,761.483606557377,7.1,98.94,5000000.0,DEN/CHA,48,14.2,-2.48,2.08,-0.4,1.21,,
315,345,Kris Humphries,PF,31,12.3,1.6,3.8,0.40700000000000003,0.3,1.0,0.35200000000000004,1.2,2.9,0.425,0.451,1.1,1.5,0.78,1.1,2.6,3.7,0.5,0.3,0.4,0.5,1.2,4.6,1235839,3376.6092896174864,10.5,98.12,4000000.0,ATL,56,12.3,-2.3,0.41,-1.89,0.54,67.0,9.0
316,346,David West,C,36,12.6,2.0,3.7,0.536,0.0,0.1,0.375,1.9,3.6,0.541,0.542,0.6,0.8,0.768,0.7,2.3,3.0,2.2,0.6,0.7,1.1,1.5,4.6,9207,25.15573770491803,12.3,96.84,,GS,68,12.6,-1.47,3.54,2.07,2.81,0.0,25.0
317,347,Davis Bertans,PF,24,12.1,1.5,3.5,0.44,1.0,2.6,0.39899999999999997,0.5,0.9,0.557,0.588,0.4,0.5,0.8240000000000001,0.3,1.1,1.5,0.7,0.3,0.4,0.5,1.1,4.5,6990,19.098360655737704,7.7,97.88,,SA,67,12.1,0.07,-0.01,0.06,1.64,,
318,348,Corey Brewer,SF,30,15.6,1.8,4.2,0.42200000000000004,0.3,1.4,0.22899999999999998,1.5,2.8,0.522,0.461,0.6,0.8,0.735,0.4,1.6,2.0,1.2,0.7,0.2,0.7,1.6,4.5,138112,377.3551912568306,5.7,101.21,7612172.0,HOU/LAL,82,15.6,-1.75,1.0,-0.75,1.99,51.5,15.5
319,349,Reggie Bullock,SF,25,15.1,1.7,4.1,0.42200000000000004,0.9,2.4,0.384,0.8,1.8,0.473,0.531,0.2,0.2,0.7140000000000001,0.4,1.6,2.1,0.9,0.6,0.1,0.3,0.7,4.5,60195,164.4672131147541,8.1,98.05,2255644.0,DET,31,15.1,-0.98,0.57,-0.41,0.79,20.0,13.0
320,350,C.J. Watson,PG,32,16.3,1.5,4.0,0.387,0.5,1.7,0.305,1.0,2.3,0.44799999999999995,0.452,0.9,1.1,0.8640000000000001,0.3,1.2,1.4,1.8,0.7,0.0,0.8,1.4,4.5,4781,13.062841530054644,6.3,98.51,,ORL,62,16.3,-2.41,-0.64,-3.05,0.05,1.0,3.0
321,353,Stanley Johnson,SF,20,17.8,1.7,4.7,0.353,0.6,2.0,0.292,1.1,2.7,0.39799999999999996,0.415,0.5,0.7,0.679,0.5,2.0,2.5,1.4,0.7,0.3,0.9,1.6,4.4,6921,18.90983606557377,4.8,96.99,2969880.0,DET,77,17.8,-2.34,-0.04,-2.38,0.63,0.0,19.0
322,354,Jordan McRae,SG,25,10.4,1.6,4.1,0.387,0.5,1.4,0.353,1.1,2.7,0.40399999999999997,0.447,0.7,0.9,0.794,0.2,0.9,1.1,0.5,0.2,0.2,0.4,0.8,4.4,237761,649.620218579235,5.9,97.04,,CLE,37,10.4,-2.19,-1.87,-4.06,-0.23,25.5,7.5
323,355,Donatas Motiejunas,PF,26,14.1,1.7,4.1,0.413,0.3,1.4,0.23399999999999999,1.4,2.7,0.505,0.45299999999999996,0.7,1.4,0.51,0.8,2.2,3.0,0.9,0.5,0.3,0.9,1.6,4.4,2992,8.174863387978142,5.3,101.18,,NO,34,14.1,-2.51,-0.74,-3.25,-0.04,9.0,3.0
324,356,Lucas Nogueira,C,24,19.1,1.8,2.7,0.66,0.1,0.2,0.25,1.8,2.5,0.6940000000000001,0.67,0.8,1.2,0.657,1.4,2.8,4.3,0.7,0.9,1.6,0.8,2.4,4.4,123092,336.3169398907104,8.5,97.57,1921320.0,TOR,57,19.1,-0.61,3.34,2.73,4.03,,
325,357,Jarrod Uthoff,PF,23,12.8,1.8,4.2,0.42100000000000004,0.3,1.0,0.33299999999999996,1.4,3.2,0.44799999999999995,0.461,0.6,0.8,0.7140000000000001,0.9,1.6,2.4,1.0,0.2,0.4,0.3,0.9,4.4,52561,145.5983379501385,8.1,94.3,,DAL,9,12.8,-2.29,-0.76,-3.05,0.01,0.0,0.0
326,358,Noah Vonleh,PF,21,17.1,1.8,3.6,0.48100000000000004,0.1,0.3,0.35,1.7,3.4,0.49200000000000005,0.494,0.8,1.3,0.638,1.8,3.5,5.2,0.4,0.4,0.4,0.9,2.1,4.4,93414,255.2295081967213,7.3,98.18,2751360.0,POR,74,17.1,-4.02,1.03,-2.99,0.11,23.5,12.0
327,359,Ed Davis,PF,27,17.2,1.6,3.1,0.528,0.0,0.0,,1.6,3.1,0.528,0.528,1.1,1.8,0.617,2.1,3.2,5.3,0.6,0.3,0.5,0.8,3.0,4.3,2089,5.7707182320441985,6.1,98.77,6666667.0,POR,46,17.2,-2.96,-0.06,-3.02,0.05,,
328,360,Tyler Ennis,PG,22,11.1,1.7,3.9,0.433,0.5,1.3,0.386,1.2,2.6,0.457,0.498,0.4,0.5,0.84,0.2,0.7,0.8,1.6,0.5,0.0,0.8,1.1,4.3,9262,25.306010928961747,7.0,100.23,1733880.0,HOU/LAL,53,11.1,-1.36,-0.51,-1.87,0.49,11.0,6.0
329,361,Dorian Finney-Smith,PF,23,20.3,1.5,4.1,0.37200000000000005,0.7,2.4,0.293,0.8,1.8,0.479,0.456,0.6,0.8,0.754,0.7,2.1,2.7,0.8,0.6,0.3,0.6,1.5,4.3,28961,165.49142857142857,4.9,93.28,,DAL,81,20.3,-1.92,-0.3,-2.22,0.9,,
330,363,Brandon Rush,SG,31,21.9,1.5,4.0,0.374,0.9,2.4,0.386,0.6,1.6,0.35600000000000004,0.49200000000000005,0.3,0.4,0.722,0.3,1.8,2.1,1.0,0.5,0.5,0.6,0.9,4.2,242794,663.3715846994536,4.3,96.76,3500000.0,MIN,47,21.9,-3.13,-0.73,-3.86,-0.48,14.0,1.5
331,364,Pascal Siakam,PF,22,15.6,1.9,3.7,0.502,0.0,0.1,0.14300000000000002,1.9,3.6,0.515,0.505,0.4,0.6,0.688,1.2,2.2,3.4,0.3,0.5,0.8,0.6,2.0,4.2,96075,327.901023890785,6.0,96.94,,TOR,55,15.6,-3.93,0.49,-3.44,-0.17,,
332,365,Ron Baker,SG,23,16.5,1.6,4.2,0.37799999999999995,0.4,1.7,0.267,1.1,2.5,0.45,0.431,0.5,0.8,0.6509999999999999,0.2,1.7,1.9,2.1,0.7,0.2,1.1,1.4,4.1,2191,6.171830985915493,5.7,96.85,,NY,52,16.5,-2.68,-0.56,-3.24,-0.06,,
333,366,Shabazz Napier,PG,25,9.7,1.4,3.5,0.39899999999999997,0.6,1.7,0.37,0.7,1.7,0.429,0.49200000000000005,0.7,0.9,0.7759999999999999,0.2,1.0,1.2,1.3,0.6,0.0,0.8,0.7,4.1,198323,541.8661202185792,9.4,95.63,,POR,53,9.7,-0.12,-1.39,-1.51,0.51,159.0,72.0
334,367,Jason Terry,SG,39,18.4,1.4,3.3,0.43200000000000005,1.0,2.3,0.42700000000000005,0.4,1.0,0.444,0.5820000000000001,0.3,0.4,0.828,0.2,1.2,1.4,1.3,0.6,0.3,0.5,1.3,4.1,305008,833.3551912568306,5.8,95.82,,MIL,74,18.4,-0.41,0.61,0.2,2.81,2.0,6.0
335,368,Kay Felder,PG,21,9.2,1.5,3.8,0.392,0.2,0.5,0.318,1.3,3.2,0.40399999999999997,0.415,0.8,1.2,0.7140000000000001,0.1,0.9,1.0,1.4,0.4,0.2,0.7,0.9,4.0,273513,846.7894736842105,7.9,97.79,,CLE,42,9.2,-3.39,-0.85,-4.24,-0.28,,
336,370,Thon Maker,C,19,9.9,1.5,3.2,0.45899999999999996,0.5,1.3,0.37799999999999995,1.0,1.9,0.514,0.536,0.6,0.9,0.653,0.7,1.3,2.0,0.4,0.2,0.5,0.3,1.5,4.0,653591,1785.7677595628415,7.2,94.0,2568600.0,MIL,57,9.9,-1.23,0.17,-1.06,0.7,0.0,39.5
337,371,Patrick McCaw,SG,21,15.1,1.5,3.5,0.433,0.6,1.7,0.33299999999999996,0.9,1.7,0.5329999999999999,0.516,0.4,0.5,0.784,0.3,1.1,1.4,1.1,0.5,0.2,0.5,0.9,4.0,155112,807.875,5.6,102.03,,GS,71,15.1,-3.09,-1.57,-4.66,-1.1,,
338,373,Anthony Brown,SF,24,14.5,1.6,4.5,0.36,0.6,2.5,0.259,1.0,2.1,0.478,0.43,0.0,0.0,,0.7,2.3,3.0,0.7,0.5,0.1,0.5,1.4,3.9,4596,12.557377049180328,5.8,94.67,57672.0,NO/ORL,11,14.5,-1.42,-0.34,-1.76,0.08,3.0,3.0
339,374,Jarell Martin,PF,22,13.3,1.4,3.6,0.384,0.2,0.6,0.36,1.2,3.0,0.389,0.414,1.0,1.2,0.8,1.0,2.9,3.9,0.2,0.4,0.2,0.7,2.2,3.9,33578,91.7431693989071,6.9,97.39,1471382.0,MEM,42,13.3,-4.23,1.17,-3.06,0.02,2.0,4.0
340,375,Malik Beasley,SG,20,7.5,1.5,3.3,0.452,0.4,1.3,0.321,1.1,2.0,0.5329999999999999,0.514,0.4,0.5,0.8,0.2,0.5,0.8,0.5,0.3,0.0,0.4,0.5,3.8,61280,242.21343873517787,8.6,103.72,1627320.0,DEN,22,7.5,-1.74,0.21,-1.53,0.18,0.0,14.0
341,376,Kris Dunn,PG,22,17.1,1.5,4.0,0.377,0.3,0.9,0.28800000000000003,1.2,3.1,0.40399999999999997,0.41100000000000003,0.5,0.8,0.61,0.3,1.8,2.1,2.4,1.0,0.5,1.1,2.3,3.8,412255,1126.379781420765,5.1,96.78,3872520.0,MIN,78,17.1,-2.64,-0.41,-3.05,0.06,165.0,47.0
342,377,Jonas Jerebko,PF,29,15.8,1.5,3.4,0.435,0.6,1.7,0.34600000000000003,0.9,1.7,0.523,0.521,0.3,0.5,0.703,0.8,2.7,3.5,0.9,0.3,0.2,0.5,1.6,3.8,130587,356.7950819672131,6.9,98.94,5000000.0,BOS,78,15.8,-0.89,-0.14,-1.03,1.63,7.0,17.0
343,378,Malachi Richardson,SG,21,9.0,1.3,3.1,0.41200000000000003,0.4,1.3,0.28600000000000003,0.9,1.8,0.5,0.47100000000000003,0.7,0.9,0.789,0.1,0.9,1.0,0.5,0.2,0.0,0.4,1.0,3.6,71657,288.93951612903226,5.7,96.63,1439800.0,SAC,22,9.0,-2.29,-0.14,-2.43,0.09,,
344,378,Malachi Richardson,SG,21,9.0,1.3,3.1,0.41200000000000003,0.4,1.3,0.28600000000000003,0.9,1.8,0.5,0.47100000000000003,0.7,0.9,0.789,0.1,0.9,1.0,0.5,0.2,0.0,0.4,1.0,3.6,71657,288.93951612903226,5.7,96.63,1504560.0,SAC,22,9.0,-2.29,-0.14,-2.43,0.09,,
345,379,Tyus Jones,PG,20,12.9,1.3,3.0,0.414,0.4,1.2,0.35600000000000004,0.8,1.8,0.45399999999999996,0.486,0.6,0.7,0.767,0.2,1.0,1.1,2.6,0.8,0.1,0.6,0.8,3.5,240930,658.2786885245902,9.6,97.51,1471382.0,MIN,60,12.9,0.11,-0.34,-0.23,1.4,0.0,14.0
346,381,Adreian Payne,PF,25,7.5,1.3,3.0,0.426,0.2,0.8,0.2,1.1,2.2,0.513,0.45399999999999996,0.8,1.1,0.737,0.5,1.3,1.8,0.4,0.4,0.4,0.4,1.8,3.5,75343,205.8551912568306,8.2,96.52,2022240.0,MIN,18,7.5,-1.69,1.36,-0.33,0.24,0.0,13.0
347,383,Rashad Vaughn,SG,20,11.2,1.4,3.8,0.365,0.6,2.0,0.321,0.8,1.8,0.413,0.449,0.0,0.1,0.4,0.1,1.1,1.2,0.6,0.5,0.2,0.3,0.8,3.5,52528,143.5191256830601,5.2,96.36,1811040.0,MIL,41,11.2,-3.44,-0.89,-4.33,-0.35,2.0,7.0
348,384,Tyler Zeller,C,27,10.3,1.5,3.1,0.494,0.0,0.0,0.0,1.5,3.1,0.49700000000000005,0.494,0.4,0.8,0.564,0.8,1.6,2.4,0.8,0.1,0.4,0.4,1.2,3.5,148930,406.91256830601094,8.5,99.46,8000000.0,BOS,51,10.3,-2.5,0.2,-2.3,0.28,15.0,14.0
349,385,Kyle Anderson,SG,23,14.2,1.3,2.9,0.445,0.2,0.6,0.375,1.1,2.3,0.462,0.48100000000000004,0.6,0.8,0.789,0.5,2.4,2.9,1.3,0.7,0.4,0.5,0.9,3.4,2099,5.78236914600551,9.8,96.6,,SA,72,14.2,-1.81,3.11,1.3,2.84,22.0,11.5
350,386,Dragan Bender,PF,19,13.3,1.3,3.7,0.354,0.7,2.3,0.27699999999999997,0.7,1.4,0.483,0.441,0.1,0.3,0.364,0.5,1.9,2.4,0.5,0.2,0.5,0.7,1.7,3.4,301427,823.5710382513661,3.3,100.06,4276320.0,PHX,43,13.3,-3.2,-0.68,-3.88,-0.28,,
351,387,Jose Calderon,PG,35,13.1,1.3,3.3,0.41,0.5,1.6,0.313,0.9,1.7,0.5,0.485,0.3,0.3,0.917,0.4,1.4,1.8,2.1,0.3,0.0,1.0,0.9,3.4,4040,11.098901098901099,7.7,98.89,,ATL/LAL,41,13.1,-2.4,-0.36,-2.76,0.12,,
352,388,Dejounte Murray,PG,20,8.5,1.3,3.1,0.431,0.2,0.6,0.391,1.1,2.4,0.441,0.47,0.6,0.8,0.7,0.2,0.9,1.1,1.3,0.2,0.2,1.0,0.8,3.4,121413,478.003937007874,7.5,96.05,1312611.0,SA,38,8.5,-1.97,-0.83,-2.8,0.07,,
353,389,Jared Sullinger,PF,24,10.7,1.4,4.3,0.319,0.3,1.6,0.16699999999999998,1.1,2.6,0.414,0.35100000000000003,0.4,0.7,0.5,0.9,1.5,2.5,0.3,0.4,0.1,0.4,1.5,3.4,198922,543.5027322404371,2.7,96.58,5628000.0,TOR,11,10.7,-2.7,0.9,-1.8,0.1,11.0,2.0
354,391,Darrun Hilliard,SG,23,9.8,1.2,3.2,0.373,0.3,1.2,0.261,0.9,2.1,0.43799999999999994,0.42100000000000004,0.5,0.7,0.75,0.1,0.8,0.8,0.8,0.3,0.1,0.7,1.0,3.3,47451,129.64754098360655,3.9,96.1,,DET,39,9.8,-3.2,-0.69,-3.89,-0.18,,
355,395,Henry Ellenson,PF,20,7.7,1.2,3.4,0.359,0.5,1.8,0.28600000000000003,0.7,1.5,0.44799999999999995,0.43799999999999994,0.2,0.4,0.5,0.4,1.7,2.2,0.4,0.1,0.1,0.7,0.3,3.2,89107,243.46174863387978,7.6,95.74,1704120.0,DET,19,7.7,-2.32,0.38,-1.94,0.1,6.5,5.0
356,396,Paul Pierce,SF,39,11.1,1.1,2.8,0.4,0.6,1.7,0.349,0.5,1.1,0.48100000000000004,0.507,0.4,0.5,0.769,0.0,1.9,1.9,0.4,0.2,0.2,0.6,1.6,3.2,834305,2279.5218579234975,4.4,97.71,3527920.0,LAC,25,11.1,-2.04,1.24,-0.8,0.4,346.5,142.0
357,397,Maurice Ndour,PF,24,10.3,1.2,2.7,0.45299999999999996,0.0,0.2,0.14300000000000002,1.2,2.5,0.48100000000000004,0.45899999999999996,0.6,0.8,0.731,0.7,1.3,2.0,0.3,0.5,0.3,0.4,0.9,3.1,64012,174.89617486338798,6.9,97.61,543471.0,NY,32,10.3,-1.94,-0.37,-2.31,0.07,,
358,398,Jakob Poeltl,C,21,11.6,1.2,2.1,0.583,0.0,0.0,,1.2,2.1,0.583,0.583,0.6,1.1,0.544,1.4,1.6,3.1,0.2,0.3,0.4,0.5,2.1,3.1,9391,25.72876712328767,5.7,95.71,2703960.0,TOR,54,11.6,-2.36,1.09,-1.27,0.72,,
359,399,Briante Weber,PG,24,10.3,1.3,3.0,0.41700000000000004,0.1,0.5,0.1,1.2,2.5,0.48,0.425,0.6,0.8,0.688,0.4,0.9,1.3,1.1,0.6,0.1,0.4,0.8,3.1,60735,165.94262295081967,7.2,91.12,1471382.0,GS/CHA,20,10.3,-2.02,-1.29,-3.31,-0.02,29.5,14.0
360,400,Jarrett Jack,PG,33,16.5,1.0,1.5,0.667,0.0,0.5,0.0,1.0,1.0,1.0,0.667,1.0,1.0,1.0,0.0,0.0,0.0,2.5,1.0,0.0,1.5,2.0,3.0,122645,335.09562841530055,5.1,97.67,57672.0,NO,2,16.5,-1.85,0.01,-1.84,0.03,11.5,7.0
361,402,Sasha Vujacic,SG,32,9.7,1.0,3.2,0.309,0.5,1.8,0.311,0.5,1.5,0.306,0.39299999999999996,0.4,0.6,0.708,0.3,1.1,1.4,1.2,0.3,0.0,0.4,0.9,3.0,3363,9.188524590163935,6.2,99.29,,NY,42,9.7,-2.35,0.26,-2.09,0.27,3.0,1.0
362,403,Lavoy Allen,PF,27,14.3,1.3,2.8,0.45799999999999996,0.0,0.0,0.0,1.3,2.7,0.461,0.45799999999999996,0.4,0.5,0.6970000000000001,1.7,1.9,3.6,0.9,0.3,0.4,0.5,1.3,2.9,35296,96.43715846994536,6.9,97.83,,IND,61,14.3,-2.56,-0.91,-3.47,-0.19,,
363,404,Alan Anderson,SF,34,10.3,1.0,2.7,0.375,0.5,1.5,0.318,0.5,1.2,0.444,0.46299999999999997,0.4,0.5,0.75,0.1,0.7,0.8,0.4,0.1,0.0,0.2,1.2,2.9,1969,5.40934065934066,2.3,95.84,,LAC,30,10.3,-2.62,-1.04,-3.66,-0.1,1.0,3.0
364,405,Andrew Bogut,C,32,21.6,1.4,3.0,0.469,0.0,0.0,0.0,1.4,3.0,0.475,0.469,0.1,0.4,0.273,2.1,6.0,8.1,1.8,0.5,0.9,1.6,3.2,2.9,877577,2397.751366120219,9.2,93.14,242224.0,CLE/DAL,27,21.6,-4.01,4.34,0.33,1.2,57.0,4.0
365,406,Semaj Christon,PG,24,15.2,1.2,3.5,0.345,0.2,1.0,0.19,1.0,2.5,0.406,0.37200000000000005,0.3,0.5,0.5479999999999999,0.3,1.1,1.4,2.0,0.4,0.1,0.7,1.2,2.9,42165,115.20491803278688,4.2,97.09,,OKC,64,15.2,-3.76,-1.69,-5.45,-1.4,0.0,3.0
366,407,Salah Mejri,C,30,12.4,1.2,1.9,0.642,0.0,0.0,0.33299999999999996,1.2,1.8,0.649,0.6459999999999999,0.5,0.8,0.59,1.3,2.9,4.2,0.2,0.4,0.8,0.5,2.1,2.9,132952,363.2568306010929,9.9,92.48,,DAL,73,12.4,-2.71,3.66,0.95,2.23,,
367,408,Fred VanVleet,PG,22,7.9,1.1,3.0,0.35100000000000003,0.3,0.8,0.379,0.8,2.2,0.341,0.401,0.5,0.6,0.818,0.1,1.0,1.1,0.9,0.4,0.1,0.4,1.0,2.9,99549,271.9918032786885,7.8,97.63,1312611.0,TOR,37,7.9,-2.44,0.83,-1.61,0.28,0.0,17.5
368,409,Jeff Withey,C,26,8.5,1.1,2.0,0.534,0.0,0.0,0.0,1.1,2.0,0.539,0.534,0.7,0.9,0.75,1.0,1.4,2.4,0.1,0.3,0.6,0.3,1.0,2.9,59465,162.47267759562843,9.6,95.93,,UTAH,51,8.5,-1.5,0.57,-0.93,0.58,16.0,5.0
369,410,Nicolas Brussino,SF,23,9.6,1.0,2.6,0.369,0.5,1.8,0.305,0.4,0.9,0.5,0.47200000000000003,0.3,0.4,0.773,0.5,1.3,1.8,0.9,0.3,0.1,0.5,0.8,2.8,3333,20.2,7.2,94.91,,DAL,54,9.6,-2.42,-1.82,-4.24,-0.36,,
370,413,James Michael McAdoo,PF,24,8.8,1.2,2.3,0.53,0.0,0.2,0.25,1.2,2.1,0.55,0.5379999999999999,0.4,0.8,0.5,0.7,1.1,1.8,0.3,0.3,0.6,0.4,0.9,2.8,286673,783.25956284153,7.7,99.46,,GS,52,8.8,-3.15,1.07,-2.08,0.31,,
371,414,Chinanu Onuaku,C,20,10.4,1.0,1.4,0.7140000000000001,0.0,0.0,,1.0,1.4,0.7140000000000001,0.7140000000000001,0.8,0.8,1.0,0.4,1.6,2.0,0.6,0.6,0.2,0.8,1.2,2.8,85768,446.7083333333333,7.2,101.79,,HOU,5,10.4,-2.25,0.15,-2.1,0.04,,
372,415,Kyle Singler,SF,28,12.0,1.1,2.6,0.41,0.2,1.2,0.18899999999999997,0.8,1.4,0.5870000000000001,0.452,0.4,0.5,0.765,0.3,1.3,1.5,0.3,0.2,0.2,0.3,0.9,2.8,196406,536.6284153005464,4.6,99.19,4837500.0,OKC,32,12.0,-3.25,0.9,-2.35,0.19,9.0,6.0
373,417,Okaro White,PF,24,13.5,0.9,2.5,0.379,0.3,1.0,0.353,0.6,1.5,0.396,0.44799999999999995,0.6,0.6,0.909,0.7,1.6,2.3,0.6,0.3,0.3,0.5,1.5,2.8,36526,99.79781420765028,5.0,95.86,,MIA,35,13.5,-2.13,-0.03,-2.16,0.28,,
374,418,Omer Asik,C,30,15.5,1.0,2.1,0.47700000000000004,0.0,0.0,,1.0,2.1,0.47700000000000004,0.47700000000000004,0.7,1.3,0.59,1.5,3.7,5.3,0.5,0.2,0.3,0.5,1.6,2.7,3233,8.833333333333334,7.3,99.64,9904494.0,NO,31,15.5,-2.97,1.94,-1.03,0.65,,
375,419,DeAndre' Bembry,SF,22,9.8,1.2,2.6,0.48,0.0,0.5,0.055999999999999994,1.2,2.1,0.575,0.485,0.2,0.4,0.375,0.4,1.2,1.6,0.7,0.2,0.1,0.4,0.6,2.7,34889,120.72318339100346,7.2,97.03,1499760.0,ATL,38,9.8,-2.72,-0.67,-3.39,-0.05,,
376,419,DeAndre' Bembry,SF,22,9.8,1.2,2.6,0.48,0.0,0.5,0.055999999999999994,1.2,2.1,0.575,0.485,0.2,0.4,0.375,0.4,1.2,1.6,0.7,0.2,0.1,0.4,0.6,2.7,34889,120.72318339100346,7.2,97.03,1567200.0,ATL,38,9.8,-2.72,-0.67,-3.39,-0.05,,
377,421,Wesley Johnson,SF,29,11.9,1.1,2.9,0.365,0.4,1.7,0.24600000000000002,0.6,1.2,0.537,0.43799999999999994,0.2,0.3,0.647,0.4,2.3,2.7,0.3,0.4,0.4,0.3,1.2,2.7,1839,5.052197802197802,6.7,98.1,5628000.0,LAC,68,11.9,-3.79,2.62,-1.17,1.01,,
378,422,Tomas Satoransky,SG,25,12.6,1.1,2.6,0.415,0.2,0.6,0.243,0.9,1.9,0.473,0.446,0.4,0.6,0.6970000000000001,0.4,1.0,1.5,1.6,0.5,0.1,0.7,1.1,2.7,1921,5.365921787709497,6.4,95.69,2870813.0,WSH,57,12.6,-2.1,1.08,-1.02,0.93,7.0,8.5
379,423,Christian Wood,PF,21,8.2,0.9,1.8,0.522,0.0,0.4,0.0,0.9,1.4,0.667,0.522,0.8,1.2,0.733,1.1,1.2,2.2,0.2,0.2,0.5,0.5,0.8,2.7,52943,144.65300546448088,9.3,94.08,874636.0,CHA,13,8.2,-2.06,0.97,-1.09,0.13,,
380,424,Bryn Forbes,SG,23,7.9,1.0,2.8,0.364,0.5,1.5,0.321,0.5,1.3,0.413,0.449,0.1,0.2,0.833,0.1,0.6,0.6,0.6,0.0,0.0,0.3,0.6,2.6,63728,174.12021857923497,4.8,95.86,1312611.0,SA,36,7.9,-2.78,-1.62,-4.4,-0.22,,
381,425,Andrew Nicholson,PF,27,9.0,1.1,2.9,0.387,0.1,0.7,0.185,1.0,2.2,0.452,0.41,0.2,0.4,0.643,0.4,1.2,1.6,0.3,0.4,0.2,0.4,1.4,2.6,1297,3.6128133704735377,3.1,97.45,6088993.0,BKN/WSH,38,9.0,-3.54,-0.67,-4.21,-0.23,5.0,5.0
382,427,Pat Connaughton,SG,24,8.1,0.9,1.8,0.514,0.4,0.8,0.515,0.5,1.0,0.513,0.632,0.2,0.2,0.778,0.3,1.1,1.3,0.7,0.2,0.1,0.4,0.6,2.5,99666,272.3114754098361,8.8,95.99,1471382.0,POR,39,8.1,-1.28,-0.79,-2.07,0.21,,
383,428,DeAndre Liggins,SG,28,12.5,0.9,2.3,0.387,0.3,0.7,0.37,0.6,1.5,0.396,0.447,0.4,0.6,0.625,0.3,1.4,1.7,0.9,0.8,0.2,0.7,1.3,2.5,148356,405.344262295082,4.6,97.12,1577230.0,CLE/DAL,62,12.5,-3.13,0.76,-2.37,0.37,2.0,2.0
384,429,Kevon Looney,C,20,8.4,1.1,2.0,0.523,0.0,0.2,0.222,1.0,1.8,0.551,0.5329999999999999,0.4,0.6,0.618,0.8,1.5,2.3,0.5,0.3,0.3,0.3,1.2,2.5,186959,510.8169398907104,8.5,101.44,,GS,53,8.4,-2.03,1.05,-0.98,0.63,0.0,18.5
385,430,Raul Neto,PG,24,8.7,1.0,2.3,0.451,0.3,0.8,0.32299999999999995,0.8,1.5,0.517,0.505,0.2,0.2,0.889,0.1,0.7,0.8,0.9,0.5,0.1,0.4,1.2,2.5,9208,25.15846994535519,6.2,95.77,,UTAH,40,8.7,-1.43,0.92,-0.51,0.53,,
386,431,Miles Plumlee,C,28,10.8,1.0,2.0,0.478,0.0,0.0,,1.0,2.0,0.478,0.478,0.6,0.9,0.6409999999999999,0.8,1.3,2.1,0.5,0.4,0.3,0.7,1.6,2.5,223982,611.9726775956284,4.0,95.64,12500000.0,MIL/CHA,45,10.8,-2.79,0.52,-2.27,0.25,11.0,3.0
387,432,Mike Scott,PF,28,10.8,0.9,3.3,0.28800000000000003,0.2,1.5,0.14800000000000002,0.7,1.8,0.406,0.322,0.4,0.4,0.875,0.6,1.5,2.1,0.9,0.2,0.2,0.4,0.7,2.5,2705,7.390710382513661,5.8,97.93,3333334.0,ATL,18,10.8,-2.92,0.26,-2.66,0.06,2.0,1.0
388,433,Chris Andersen,C,38,9.5,0.8,1.8,0.409,0.0,0.3,0.0,0.8,1.6,0.474,0.409,0.8,1.2,0.7140000000000001,0.8,1.8,2.6,0.4,0.4,0.6,0.4,1.7,2.3,610055,1666.8169398907103,6.3,96.5,,CLE,12,9.5,-1.4,1.02,-0.38,0.2,,
389,434,Chris McCullough,PF,21,5.0,1.0,2.0,0.5,0.1,0.4,0.14300000000000002,0.9,1.6,0.6,0.516,0.2,0.3,0.6,0.6,0.6,1.2,0.1,0.1,0.1,0.2,0.4,2.3,59261,161.9153005464481,8.5,100.2,,BKN/WSH,16,5.0,-1.58,0.18,-1.4,0.09,,
390,435,Greivis Vasquez,PG,30,13.0,0.7,2.7,0.25,0.3,1.0,0.33299999999999996,0.3,1.7,0.2,0.313,0.7,1.0,0.667,0.0,0.7,0.7,1.7,0.3,0.3,0.3,2.0,2.3,16721,45.685792349726775,0.9,102.41,4347826.0,BKN,3,13.0,-1.77,-0.38,-2.15,0.03,10.0,8.5
391,436,Metta World Peace,SF,37,6.4,0.8,2.7,0.27899999999999997,0.4,1.5,0.237,0.4,1.2,0.33299999999999996,0.34600000000000003,0.4,0.6,0.625,0.2,0.6,0.8,0.4,0.4,0.1,0.3,0.7,2.3,1072646,2930.726775956284,2.9,97.7,,LAL,25,6.4,-2.61,0.53,-2.08,0.11,,
392,437,James Young,SG,21,7.6,0.9,2.0,0.431,0.4,1.2,0.34299999999999997,0.4,0.8,0.565,0.534,0.2,0.3,0.667,0.2,0.7,0.9,0.1,0.3,0.1,0.1,0.5,2.3,4970,13.579234972677595,6.4,100.01,1825200.0,BOS,29,7.6,-1.88,-0.28,-2.16,0.14,0.0,12.0
393,439,Jake Layman,SF,22,7.1,0.7,2.5,0.292,0.4,1.5,0.255,0.4,1.1,0.342,0.365,0.4,0.5,0.765,0.2,0.5,0.7,0.3,0.3,0.1,0.3,0.6,2.2,76715,209.60382513661202,2.5,98.83,1312611.0,POR,35,7.1,-2.99,-0.03,-3.02,0.02,,
394,440,Treveon Graham,SG,23,7.0,0.7,1.5,0.475,0.3,0.6,0.6,0.4,0.9,0.4,0.588,0.4,0.6,0.667,0.2,0.6,0.8,0.2,0.2,0.0,0.1,0.7,2.1,17847,48.76229508196721,6.5,94.19,1312611.0,CHA,27,7.0,-2.19,0.02,-2.17,0.11,,
395,441,Joe Young,PG,24,4.1,0.8,2.2,0.361,0.2,0.7,0.217,0.6,1.5,0.429,0.396,0.3,0.5,0.733,0.0,0.5,0.5,0.5,0.1,0.0,0.2,0.2,2.1,1563,4.270491803278689,8.7,99.86,,IND,33,4.1,-2.64,-1.42,-4.06,-0.08,,
396,442,Rakeem Christmas,PF,25,7.6,0.7,1.5,0.442,0.0,0.0,,0.7,1.5,0.442,0.442,0.7,1.0,0.7240000000000001,0.9,1.0,1.9,0.1,0.1,0.2,0.3,1.3,2.0,77258,211.08743169398906,4.9,98.43,1471382.0,IND,29,7.6,-2.2,0.5,-1.7,0.2,13.0,3.0
397,444,Demetrius Jackson,PG,22,3.4,0.6,0.8,0.75,0.2,0.2,1.0,0.4,0.6,0.667,0.875,0.6,1.2,0.5,0.4,0.4,0.8,0.6,0.0,0.0,0.0,0.0,2.0,75052,205.0601092896175,19.4,87.46,1450000.0,BOS,5,3.4,-1.77,-0.3,-2.07,0.01,,
398,444,Demetrius Jackson,PG,22,3.4,0.6,0.8,0.75,0.2,0.2,1.0,0.4,0.6,0.667,0.875,0.6,1.2,0.5,0.4,0.4,0.8,0.6,0.0,0.0,0.0,0.0,2.0,75052,205.0601092896175,19.4,87.46,1384750.0,BOS,5,3.4,-1.77,-0.3,-2.07,0.01,,
399,446,Udonis Haslem,C,36,8.1,0.7,1.4,0.478,0.0,0.2,0.0,0.7,1.3,0.55,0.478,0.6,0.9,0.6,0.5,1.8,2.3,0.4,0.4,0.1,0.5,1.4,1.9,210091,574.0191256830601,7.3,98.53,4000000.0,MIA,16,8.1,-2.79,0.73,-2.06,0.09,28.5,18.0
400,448,Marshall Plumlee,C,24,8.1,0.8,1.4,0.5329999999999999,0.0,0.0,,0.8,1.4,0.5329999999999999,0.5329999999999999,0.4,0.9,0.42100000000000004,1.1,1.3,2.4,0.5,0.2,0.2,0.6,1.1,1.9,281364,768.7540983606557,6.0,97.55,1312611.0,NY,21,8.1,-1.75,0.65,-1.1,0.22,,
401,449,Tim Quarterman,SG,22,5.0,0.8,1.8,0.44799999999999995,0.3,0.8,0.385,0.5,1.0,0.5,0.534,0.0,0.2,0.0,0.3,0.6,0.9,0.7,0.1,0.2,0.7,0.4,1.9,14659,92.77848101265823,8.1,96.45,,POR,16,5.0,-1.95,-0.4,-2.35,0.04,0.0,1.0
402,450,Joel Bolomboy,PF,23,4.4,0.8,1.3,0.563,0.1,0.3,0.25,0.7,1.0,0.667,0.594,0.3,0.5,0.5,0.3,1.1,1.4,0.2,0.1,0.2,0.2,0.1,1.8,43181,144.90268456375838,15.4,95.32,,UTAH,12,4.4,-1.95,1.03,-0.92,0.07,,
403,452,Lamar Patterson,SG,25,8.0,0.6,3.0,0.2,0.2,1.2,0.16699999999999998,0.4,1.8,0.222,0.233,0.4,0.6,0.667,0.2,1.2,1.4,1.2,0.2,0.0,0.8,1.2,1.8,36143,98.75136612021858,-0.4,93.96,246956.0,ATL,5,8.0,-2.23,0.62,-1.61,0.03,4.0,4.0
404,453,Damjan Rudez,SF,30,7.0,0.7,2.0,0.35200000000000004,0.4,1.4,0.313,0.2,0.5,0.45799999999999996,0.466,0.0,0.0,,0.1,0.4,0.6,0.4,0.3,0.0,0.2,0.7,1.8,992,2.834285714285714,3.6,96.28,,ORL,45,7.0,-2.38,-0.9,-3.28,-0.03,,
405,454,Cole Aldrich,C,28,8.6,0.7,1.4,0.523,0.0,0.0,,0.7,1.4,0.523,0.523,0.2,0.4,0.682,0.8,1.7,2.5,0.4,0.4,0.4,0.3,1.4,1.7,119275,325.8879781420765,7.6,97.42,7643979.0,MIN,62,8.6,-1.82,1.83,0.01,1.04,22.0,9.0
406,455,Nick Collison,PF,36,6.4,0.7,1.2,0.609,0.0,0.1,0.0,0.7,1.1,0.636,0.609,0.3,0.4,0.625,0.5,1.1,1.6,0.6,0.1,0.1,0.2,0.9,1.7,144787,395.59289617486337,12.0,97.52,3750000.0,OKC,20,6.4,-2.18,1.12,-1.06,0.17,10.0,12.0
407,456,Jordan Hill,C,29,6.7,0.7,1.9,0.385,0.0,0.0,,0.7,1.9,0.385,0.385,0.3,0.3,1.0,1.1,0.9,2.0,0.0,0.1,0.0,0.6,1.3,1.7,4069,11.117486338797814,1.5,90.23,4000000.0,MIN,7,6.7,-2.31,1.16,-1.15,0.06,,
408,457,Bruno Caboclo,SF,21,4.4,0.7,1.8,0.375,0.2,0.7,0.33299999999999996,0.4,1.1,0.4,0.43799999999999994,0.0,0.0,,0.6,0.6,1.1,0.4,0.2,0.1,0.2,0.4,1.6,111359,304.25956284153006,9.4,95.38,1589640.0,TOR,9,4.4,-1.76,0.11,-1.65,0.04,11.0,8.0
409,458,Deyonta Davis,C,20,6.6,0.7,1.3,0.511,0.0,0.0,,0.7,1.3,0.511,0.511,0.3,0.5,0.556,0.6,1.1,1.7,0.1,0.1,0.5,0.2,1.1,1.6,94319,257.7021857923497,6.0,95.37,1369299.0,MEM,36,6.6,-2.88,-0.24,-3.12,0.0,,
410,458,Deyonta Davis,C,20,6.6,0.7,1.3,0.511,0.0,0.0,,0.7,1.3,0.511,0.511,0.3,0.5,0.556,0.6,1.1,1.7,0.1,0.1,0.5,0.2,1.1,1.6,94319,257.7021857923497,6.0,95.37,1312611.0,MEM,36,6.6,-2.88,-0.24,-3.12,0.0,,
411,459,Ryan Kelly,PF,25,6.9,0.5,1.8,0.28600000000000003,0.3,0.6,0.4,0.3,1.1,0.222,0.35700000000000004,0.3,0.4,0.833,0.1,1.1,1.1,0.5,0.3,0.3,0.3,0.3,1.6,10160,27.759562841530055,7.3,96.26,1577230.0,ATL,16,6.9,-1.94,1.45,-0.49,0.08,17.0,10.0
412,460,Jordan Mickey,PF,22,5.6,0.6,1.4,0.441,0.0,0.0,0.0,0.6,1.3,0.455,0.441,0.3,0.6,0.5710000000000001,0.5,0.8,1.4,0.3,0.1,0.2,0.4,0.5,1.5,56781,155.13934426229508,6.0,97.66,1471382.0,BOS,25,5.6,-2.62,-0.15,-2.77,0.03,0.0,3.0
413,464,Diamond Stone,C,19,3.4,0.4,1.9,0.231,0.0,0.0,,0.4,1.9,0.231,0.231,0.6,0.6,1.0,0.1,0.7,0.9,0.0,0.0,0.1,0.3,0.7,1.4,114477,312.77868852459017,-1.4,95.11,1312611.0,LAC,7,3.4,-2.77,0.49,-2.28,0.01,,
414,466,Brice Johnson,PF,22,3.0,0.7,2.3,0.28600000000000003,0.0,0.0,,0.7,2.3,0.28600000000000003,0.28600000000000003,0.0,0.0,,0.3,0.7,1.0,0.3,0.7,0.3,0.3,0.0,1.3,117412,324.3425414364641,10.8,95.72,1331160.0,LAC,3,3.0,-2.32,1.08,-1.24,0.01,,
415,467,Daniel Ochefu,C,23,3.9,0.6,1.4,0.444,0.0,0.0,,0.6,1.4,0.444,0.444,0.0,0.1,0.0,0.3,0.9,1.2,0.2,0.1,0.0,0.2,0.9,1.3,35005,129.16974169741698,4.5,93.95,,WSH,19,3.9,-2.35,0.55,-1.8,0.06,,
416,468,Anderson Varejao,C,34,6.6,0.4,1.0,0.35700000000000004,0.0,0.0,,0.4,1.0,0.35700000000000004,0.35700000000000004,0.6,0.8,0.727,0.9,1.1,1.9,0.7,0.2,0.2,0.6,1.1,1.3,11469,31.33606557377049,4.8,102.27,,GS,14,6.6,-1.74,0.65,-1.09,0.1,20.0,3.0
417,469,Stephen Zimmerman,C,20,5.7,0.5,1.6,0.32299999999999995,0.0,0.0,,0.5,1.6,0.32299999999999995,0.32299999999999995,0.2,0.3,0.6,0.6,1.3,1.8,0.2,0.1,0.3,0.2,0.9,1.2,56654,154.79234972677597,4.6,95.34,,ORL,19,5.7,-2.79,0.57,-2.22,0.06,,
418,470,Ronnie Price,PG,33,9.6,0.3,1.7,0.16699999999999998,0.2,1.2,0.17600000000000002,0.1,0.5,0.14300000000000002,0.22899999999999998,0.2,0.3,0.75,0.2,0.6,0.8,1.3,0.8,0.1,0.2,1.0,1.0,48137,131.52185792349727,3.2,102.91,,PHX,14,9.6,-2.24,-0.53,-2.77,0.03,,
419,473,Georges Niang,PF,23,4.0,0.4,1.6,0.25,0.0,0.5,0.083,0.3,1.0,0.33299999999999996,0.264,0.1,0.1,1.0,0.1,0.7,0.7,0.2,0.1,0.0,0.2,0.3,0.9,148939,406.93715846994536,2.0,97.58,,IND,23,4.0,-2.99,0.37,-2.62,0.03,,
420,474,Kyle Wiltjer,PF,24,3.1,0.3,1.0,0.28600000000000003,0.3,0.9,0.308,0.0,0.1,0.0,0.429,0.1,0.1,0.5,0.3,0.4,0.7,0.1,0.2,0.1,0.4,0.3,0.9,142151,388.39071038251365,3.3,107.61,,HOU,14,3.1,-2.54,0.57,-1.97,0.04,4.0,13.5
421,475,Alonzo Gee,SF,29,6.8,0.2,1.1,0.214,0.0,0.2,0.0,0.2,0.8,0.273,0.214,0.4,0.7,0.556,0.3,0.8,1.2,0.5,0.4,0.1,0.3,1.1,0.8,47575,129.9863387978142,0.8,104.33,57672.0,DEN,13,6.8,-2.11,0.43,-1.68,0.08,,
422,477,Isaiah Taylor,PG,22,13.0,0.3,1.8,0.14300000000000002,0.0,0.5,0.0,0.3,1.3,0.2,0.14300000000000002,0.3,0.5,0.5,0.3,0.5,0.8,0.8,0.3,0.3,0.0,1.5,0.8,26017,71.0846994535519,-1.3,103.9,,HOU,4,13.0,-2.19,-0.9,-3.09,0.0,,
423,480,Michael Gbinije,SG,24,3.6,0.1,1.1,0.1,0.0,0.4,0.0,0.1,0.7,0.16699999999999998,0.1,0.2,0.2,1.0,0.2,0.1,0.3,0.2,0.0,0.0,0.0,0.2,0.4,100689,275.10655737704917,-2.7,91.34,,DET,9,3.6,-2.17,-0.17,-2.34,0.02,,
424,481,John Lucas III,PG,34,2.2,0.2,0.8,0.25,0.0,0.2,0.0,0.2,0.6,0.33299999999999996,0.25,0.0,0.0,,0.0,0.0,0.0,0.2,0.4,0.0,0.0,0.0,0.4,57974,158.39890710382514,7.3,94.47,980431.0,MIN,5,2.2,-1.3,-0.61,-1.91,0.01,,
425,482,Aaron Harrison,SG,22,3.4,0.0,0.8,0.0,0.0,0.4,0.0,0.0,0.4,0.0,0.0,0.2,0.4,0.5,0.0,0.6,0.6,0.6,0.0,0.0,0.0,0.4,0.2,222966,609.1967213114754,0.0,92.43,874636.0,CHA,5,3.4,-1.42,-0.32,-1.74,0.01,,
426,483,Ben Bentil,PF,21,3.3,0.0,1.0,0.0,0.0,0.3,0.0,0.0,0.7,0.0,0.0,0.0,0.0,,0.0,0.7,0.7,0.0,0.0,0.0,0.3,0.3,0.0,60804,284.13084112149534,-6.1,106.15,,DAL,3,3.3,-1.95,0.65,-1.3,0.01,,
427,484,Patricio Garino,SG,23,8.6,0.0,1.4,0.0,0.0,1.0,0.0,0.0,0.4,0.0,0.0,0.0,0.0,,0.2,1.2,1.4,0.0,0.0,0.0,0.6,0.8,0.0,36704,181.7029702970297,-4.9,95.65,,ORL,5,8.6,-2.61,-0.4,-3.01,0.0,3.0,5.0
